match_id,date,season,venue,city,toss_winner,toss_decision,match_won_by,player_of_match,team1,team2,first_innings_score,first_innings_wickets,second_innings_score,second_innings_wickets,team1_win,bat_first_won,chasing_team_won
335982,2008-04-18,2007/08,M Chinnaswamy Stadium,Bangalore,Royal Challengers Bangaluru,field,Kolkata Knight Riders,BB McCullum,Kolkata Knight Riders,Royal Challengers Bangaluru,222,3,82,10,1,1,0
335983,2008-04-19,2007/08,Punjab Cricket Association Stadium,Chandigarh,Chennai Super Kings,bat,Chennai Super Kings,MEK Hussey,Chennai Super Kings,Punjab Kings,240,5,207,4,1,1,0
335984,2008-04-19,2007/08,Arun Jaitley Stadium,Delhi,Rajasthan Royals,bat,Delhi Capitals,MF Maharoof,Rajasthan Royals,Delhi Capitals,129,8,132,1,0,0,1
335985,2008-04-20,2007/08,Wankhede Stadium,Mumbai,Mumbai Indians,bat,Royal Challengers Bangaluru,MV Boucher,Mumbai Indians,Royal Challengers Bangaluru,165,6,166,5,0,0,1
335986,2008-04-20,2007/08,Eden Gardens,Kolkata,Deccan Chargers,bat,Kolkata Knight Riders,DJ Hussey,Deccan Chargers,Kolkata Knight Riders,110,10,112,5,0,0,1
335987,2008-04-21,2007/08,Sawai Mansingh Stadium,Jaipur,Punjab Kings,bat,Rajasthan Royals,SR Watson,Punjab Kings,Rajasthan Royals,166,8,168,4,0,0,1
335988,2008-04-22,2007/08,"Rajiv Gandhi International Stadium, Hyderabad",Hyderabad,Deccan Chargers,bat,Delhi Capitals,V Sehwag,Deccan Chargers,Delhi Capitals,142,8,143,1,0,0,1
335989,2008-04-23,2007/08,"MA Chidambaram Stadium, Chennai",Chennai,Mumbai Indians,field,Chennai Super Kings,ML Hayden,Chennai Super Kings,Mumbai Indians,208,5,202,7,1,1,0
335990,2008-04-24,2007/08,"Rajiv Gandhi International Stadium, Hyderabad",Hyderabad,Rajasthan Royals,field,Rajasthan Royals,YK Pathan,Deccan Chargers,Rajasthan Royals,214,5,217,7,0,0,1
335991,2008-04-25,2007/08,Punjab Cricket Association Stadium,Chandigarh,Mumbai Indians,field,Punjab Kings,KC Sangakkara,Punjab Kings,Mumbai Indians,182,10,116,9,1,1,0
335992,2008-04-26,2007/08,M Chinnaswamy Stadium,Bangalore,Rajasthan Royals,field,Rajasthan Royals,SR Watson,Royal Challengers Bangaluru,Rajasthan Royals,135,8,138,3,0,0,1
335993,2008-04-26,2007/08,"MA Chidambaram Stadium, Chennai",Chennai,Kolkata Knight Riders,bat,Chennai Super Kings,JDP Oram,Kolkata Knight Riders,Chennai Super Kings,147,9,152,1,0,0,1
335994,2008-04-27,2007/08,Dr DY Patil Sports Academy,Mumbai,Deccan Chargers,field,Deccan Chargers,AC Gilchrist,Mumbai Indians,Deccan Chargers,154,7,155,0,0,0,1
335995,2008-04-27,2007/08,Punjab Cricket Association Stadium,Chandigarh,Delhi Capitals,bat,Punjab Kings,SM Katich,Delhi Capitals,Punjab Kings,158,8,162,6,0,0,1
335996,2008-04-28,2007/08,M Chinnaswamy Stadium,Bangalore,Chennai Super Kings,bat,Chennai Super Kings,MS Dhoni,Chennai Super Kings,Royal Challengers Bangaluru,178,5,165,10,1,1,0
335997,2008-04-29,2007/08,Eden Gardens,Kolkata,Kolkata Knight Riders,bat,Mumbai Indians,ST Jayasuriya,Kolkata Knight Riders,Mumbai Indians,137,8,138,3,0,0,1
335998,2008-04-30,2007/08,Arun Jaitley Stadium,Delhi,Royal Challengers Bangaluru,field,Delhi Capitals,GD McGrath,Delhi Capitals,Royal Challengers Bangaluru,191,5,181,5,1,1,0
335999,2008-05-01,2007/08,"Rajiv Gandhi International Stadium, Hyderabad",Hyderabad,Punjab Kings,field,Punjab Kings,SE Marsh,Deccan Chargers,Punjab Kings,164,8,167,3,0,0,1
336000,2008-05-01,2007/08,Sawai Mansingh Stadium,Jaipur,Rajasthan Royals,bat,Rajasthan Royals,SA Asnodkar,Rajasthan Royals,Kolkata Knight Riders,196,7,151,10,1,1,0
336001,2008-05-02,2007/08,"MA Chidambaram Stadium, Chennai",Chennai,Chennai Super Kings,bat,Delhi Capitals,V Sehwag,Chennai Super Kings,Delhi Capitals,169,6,172,2,0,0,1
336002,2008-05-25,2007/08,"Rajiv Gandhi International Stadium, Hyderabad",Hyderabad,Deccan Chargers,bat,Royal Challengers Bangaluru,R Vinay Kumar,Deccan Chargers,Royal Challengers Bangaluru,165,10,171,5,0,0,1
336003,2008-05-03,2007/08,Punjab Cricket Association Stadium,Chandigarh,Punjab Kings,bat,Punjab Kings,IK Pathan,Punjab Kings,Kolkata Knight Riders,178,6,169,6,1,1,0
336004,2008-05-04,2007/08,Dr DY Patil Sports Academy,Mumbai,Delhi Capitals,field,Mumbai Indians,SM Pollock,Mumbai Indians,Delhi Capitals,162,8,133,10,1,1,0
336005,2008-05-04,2007/08,Sawai Mansingh Stadium,Jaipur,Chennai Super Kings,bat,Rajasthan Royals,Sohail Tanvir,Chennai Super Kings,Rajasthan Royals,109,10,110,2,0,0,1
336006,2008-05-05,2007/08,M Chinnaswamy Stadium,Bangalore,Punjab Kings,field,Punjab Kings,S Sreesanth,Royal Challengers Bangaluru,Punjab Kings,126,10,127,4,0,0,1
336007,2008-05-06,2007/08,"MA Chidambaram Stadium, Chennai",Chennai,Deccan Chargers,field,Deccan Chargers,AC Gilchrist,Chennai Super Kings,Deccan Chargers,144,7,148,3,0,0,1
336008,2008-05-07,2007/08,Dr DY Patil Sports Academy,Mumbai,Mumbai Indians,field,Mumbai Indians,A Nehra,Rajasthan Royals,Mumbai Indians,103,10,104,3,0,0,1
336009,2008-05-08,2007/08,Arun Jaitley Stadium,Delhi,Chennai Super Kings,field,Chennai Super Kings,MS Dhoni,Delhi Capitals,Chennai Super Kings,187,5,188,6,0,0,1
336010,2008-05-08,2007/08,Eden Gardens,Kolkata,Kolkata Knight Riders,bat,Kolkata Knight Riders,SC Ganguly,Kolkata Knight Riders,Royal Challengers Bangaluru,129,7,124,4,1,1,0
336011,2008-05-09,2007/08,Sawai Mansingh Stadium,Jaipur,Rajasthan Royals,field,Rajasthan Royals,YK Pathan,Deccan Chargers,Rajasthan Royals,140,8,141,2,0,0,1
336012,2008-05-28,2007/08,M Chinnaswamy Stadium,Bangalore,Mumbai Indians,field,Mumbai Indians,CRD Fernando,Royal Challengers Bangaluru,Mumbai Indians,122,9,126,1,0,0,1
336013,2008-05-10,2007/08,"MA Chidambaram Stadium, Chennai",Chennai,Punjab Kings,field,Chennai Super Kings,L Balaji,Chennai Super Kings,Punjab Kings,181,4,163,9,1,1,0
336014,2008-05-11,2007/08,"Rajiv Gandhi International Stadium, Hyderabad",Hyderabad,Kolkata Knight Riders,bat,Kolkata Knight Riders,SC Ganguly,Kolkata Knight Riders,Deccan Chargers,204,4,181,7,1,1,0
336015,2008-05-11,2007/08,Sawai Mansingh Stadium,Jaipur,Rajasthan Royals,field,Rajasthan Royals,SR Watson,Delhi Capitals,Rajasthan Royals,156,7,159,7,0,0,1
336016,2008-05-12,2007/08,Punjab Cricket Association Stadium,Chandigarh,Royal Challengers Bangaluru,bat,Punjab Kings,SE Marsh,Royal Challengers Bangaluru,Punjab Kings,143,8,144,1,0,0,1
336017,2008-05-13,2007/08,Eden Gardens,Kolkata,Kolkata Knight Riders,bat,Kolkata Knight Riders,Shoaib Akhtar,Kolkata Knight Riders,Delhi Capitals,133,6,110,10,1,1,0
336018,2008-05-14,2007/08,Wankhede Stadium,Mumbai,Mumbai Indians,field,Mumbai Indians,ST Jayasuriya,Chennai Super Kings,Mumbai Indians,156,6,158,1,0,0,1
336019,2008-05-28,2007/08,Punjab Cricket Association Stadium,Chandigarh,Rajasthan Royals,field,Punjab Kings,SE Marsh,Punjab Kings,Rajasthan Royals,221,3,180,7,1,1,0
336020,2008-05-15,2007/08,Arun Jaitley Stadium,Delhi,Deccan Chargers,field,Delhi Capitals,A Mishra,Delhi Capitals,Deccan Chargers,194,4,182,9,1,1,0
336021,2008-05-16,2007/08,Wankhede Stadium,Mumbai,Mumbai Indians,field,Mumbai Indians,SM Pollock,Kolkata Knight Riders,Mumbai Indians,67,10,68,2,0,0,1
336022,2008-05-17,2007/08,Arun Jaitley Stadium,Delhi,Delhi Capitals,bat,Punjab Kings,DPMD Jayawardene,Delhi Capitals,Punjab Kings,118,4,94,3,0,0,1
336023,2008-05-17,2007/08,Sawai Mansingh Stadium,Jaipur,Royal Challengers Bangaluru,field,Rajasthan Royals,GC Smith,Rajasthan Royals,Royal Challengers Bangaluru,197,1,132,9,1,1,0
336024,2008-05-18,2007/08,"Rajiv Gandhi International Stadium, Hyderabad",Hyderabad,Deccan Chargers,field,Mumbai Indians,DJ Bravo,Mumbai Indians,Deccan Chargers,178,7,153,7,1,1,0
336025,2008-05-18,2007/08,Eden Gardens,Kolkata,Kolkata Knight Riders,bat,Chennai Super Kings,M Ntini,Kolkata Knight Riders,Chennai Super Kings,149,5,55,0,0,0,1
336026,2008-05-19,2007/08,M Chinnaswamy Stadium,Bangalore,Delhi Capitals,field,Delhi Capitals,SP Goswami,Royal Challengers Bangaluru,Delhi Capitals,154,7,158,5,0,0,1
336027,2008-05-20,2007/08,Eden Gardens,Kolkata,Rajasthan Royals,field,Rajasthan Royals,YK Pathan,Kolkata Knight Riders,Rajasthan Royals,147,8,150,4,0,0,1
336028,2008-05-21,2007/08,Wankhede Stadium,Mumbai,Mumbai Indians,field,Punjab Kings,SE Marsh,Punjab Kings,Mumbai Indians,189,4,188,10,1,1,0
336029,2008-05-21,2007/08,"MA Chidambaram Stadium, Chennai",Chennai,Royal Challengers Bangaluru,bat,Royal Challengers Bangaluru,A Kumble,Royal Challengers Bangaluru,Chennai Super Kings,126,8,112,8,1,1,0
336031,2008-05-23,2007/08,Punjab Cricket Association Stadium,Chandigarh,Punjab Kings,field,Punjab Kings,SE Marsh,Deccan Chargers,Punjab Kings,175,4,178,4,0,0,1
336032,2008-05-24,2007/08,Arun Jaitley Stadium,Delhi,Delhi Capitals,field,Delhi Capitals,KD Karthik,Mumbai Indians,Delhi Capitals,176,8,179,5,0,0,1
336033,2008-05-24,2007/08,"MA Chidambaram Stadium, Chennai",Chennai,Rajasthan Royals,bat,Rajasthan Royals,JA Morkel,Rajasthan Royals,Chennai Super Kings,211,5,201,7,1,1,0
336034,2008-05-03,2007/08,M Chinnaswamy Stadium,Bangalore,Deccan Chargers,field,Royal Challengers Bangaluru,P Kumar,Royal Challengers Bangaluru,Deccan Chargers,156,8,153,6,1,1,0
336035,2008-05-25,2007/08,Eden Gardens,Kolkata,Punjab Kings,bat,Kolkata Knight Riders,Umar Gul,Punjab Kings,Kolkata Knight Riders,174,6,175,7,0,0,1
336036,2008-05-26,2007/08,Sawai Mansingh Stadium,Jaipur,Rajasthan Royals,field,Rajasthan Royals,Sohail Tanvir,Mumbai Indians,Rajasthan Royals,145,7,146,5,0,0,1
336037,2008-05-27,2007/08,"Rajiv Gandhi International Stadium, Hyderabad",Hyderabad,Deccan Chargers,bat,Chennai Super Kings,SK Raina,Deccan Chargers,Chennai Super Kings,147,8,148,3,0,0,1
336038,2008-05-30,2007/08,Wankhede Stadium,Mumbai,Delhi Capitals,field,Rajasthan Royals,SR Watson,Rajasthan Royals,Delhi Capitals,192,9,87,10,1,1,0
336039,2008-05-31,2007/08,Wankhede Stadium,Mumbai,Punjab Kings,bat,Chennai Super Kings,M Ntini,Punjab Kings,Chennai Super Kings,112,8,116,1,0,0,1
336040,2008-06-01,2007/08,Dr DY Patil Sports Academy,Mumbai,Rajasthan Royals,field,Rajasthan Royals,YK Pathan,Chennai Super Kings,Rajasthan Royals,163,5,164,7,0,0,1
392181,2009-04-18,2009,Newlands,Cape Town,Chennai Super Kings,field,Mumbai Indians,SR Tendulkar,Mumbai Indians,Chennai Super Kings,165,7,146,7,1,1,0
392182,2009-04-18,2009,Newlands,Cape Town,Royal Challengers Bangaluru,bat,Royal Challengers Bangaluru,R Dravid,Royal Challengers Bangaluru,Rajasthan Royals,133,8,58,10,1,1,0
392183,2009-04-19,2009,Newlands,Cape Town,Delhi Capitals,field,Delhi Capitals,DL Vettori,Punjab Kings,Delhi Capitals,104,7,58,0,0,0,1
392184,2009-04-19,2009,Newlands,Cape Town,Kolkata Knight Riders,bat,Deccan Chargers,RP Singh,Kolkata Knight Riders,Deccan Chargers,101,10,104,2,0,0,1
392185,2009-04-20,2009,"St George's Park, Port Elizabeth",Port Elizabeth,Chennai Super Kings,bat,Chennai Super Kings,M Muralitharan,Chennai Super Kings,Royal Challengers Bangaluru,179,5,87,10,1,1,0
392186,2009-04-21,2009,Kingsmead,Durban,Kolkata Knight Riders,field,Kolkata Knight Riders,CH Gayle,Punjab Kings,Kolkata Knight Riders,158,6,79,1,0,0,1
392188,2009-04-22,2009,Newlands,Cape Town,Deccan Chargers,bat,Deccan Chargers,AC Gilchrist,Deccan Chargers,Royal Challengers Bangaluru,184,6,160,8,1,1,0
392189,2009-04-23,2009,Kingsmead,Durban,Delhi Capitals,bat,Delhi Capitals,AB de Villiers,Delhi Capitals,Chennai Super Kings,189,5,180,9,1,1,0
392190,2009-04-23,2009,Newlands,Cape Town,Kolkata Knight Riders,field,Unknown,YK Pathan,Rajasthan Royals,Kolkata Knight Riders,150,6,150,8,0,0,0
392191,2009-04-24,2009,Kingsmead,Durban,Royal Challengers Bangaluru,bat,Punjab Kings,RS Bopara,Royal Challengers Bangaluru,Punjab Kings,168,9,173,3,0,0,1
392192,2009-04-25,2009,Kingsmead,Durban,Deccan Chargers,bat,Deccan Chargers,PP Ojha,Deccan Chargers,Mumbai Indians,168,9,156,7,1,1,0
392194,2009-04-26,2009,"St George's Park, Port Elizabeth",Port Elizabeth,Royal Challengers Bangaluru,bat,Delhi Capitals,TM Dilshan,Royal Challengers Bangaluru,Delhi Capitals,149,7,150,4,0,0,1
392195,2009-04-26,2009,Newlands,Cape Town,Punjab Kings,bat,Punjab Kings,KC Sangakkara,Punjab Kings,Rajasthan Royals,139,6,112,7,1,1,0
392196,2009-04-27,2009,Kingsmead,Durban,Deccan Chargers,field,Deccan Chargers,HH Gibbs,Chennai Super Kings,Deccan Chargers,165,6,169,4,0,0,1
392197,2009-04-27,2009,"St George's Park, Port Elizabeth",Port Elizabeth,Mumbai Indians,bat,Mumbai Indians,SR Tendulkar,Mumbai Indians,Kolkata Knight Riders,187,6,95,9,1,1,0
392198,2009-04-28,2009,"SuperSport Park, Centurion",Centurion,Delhi Capitals,bat,Rajasthan Royals,YK Pathan,Delhi Capitals,Rajasthan Royals,143,7,147,5,0,0,1
392199,2009-04-29,2009,Kingsmead,Durban,Kolkata Knight Riders,bat,Royal Challengers Bangaluru,MV Boucher,Kolkata Knight Riders,Royal Challengers Bangaluru,139,6,143,5,0,0,1
392200,2009-04-29,2009,Kingsmead,Durban,Punjab Kings,bat,Punjab Kings,KC Sangakkara,Punjab Kings,Mumbai Indians,119,8,116,7,1,1,0
392201,2009-04-30,2009,"SuperSport Park, Centurion",Centurion,Delhi Capitals,field,Delhi Capitals,DP Nannes,Deccan Chargers,Delhi Capitals,148,9,150,4,0,0,1
392202,2009-04-30,2009,"SuperSport Park, Centurion",Centurion,Rajasthan Royals,field,Chennai Super Kings,SK Raina,Chennai Super Kings,Rajasthan Royals,164,5,126,9,1,1,0
392203,2009-05-01,2009,Buffalo Park,East London,Mumbai Indians,bat,Mumbai Indians,JP Duminy,Mumbai Indians,Kolkata Knight Riders,148,6,139,6,1,1,0
392204,2009-05-01,2009,Kingsmead,Durban,Royal Challengers Bangaluru,bat,Royal Challengers Bangaluru,Yuvraj Singh,Royal Challengers Bangaluru,Punjab Kings,145,9,137,7,1,1,0
392205,2009-05-02,2009,"St George's Park, Port Elizabeth",Port Elizabeth,Deccan Chargers,bat,Rajasthan Royals,YK Pathan,Deccan Chargers,Rajasthan Royals,141,5,142,7,0,0,1
392206,2009-05-02,2009,The Wanderers Stadium,Johannesburg,Delhi Capitals,field,Chennai Super Kings,SB Jakati,Chennai Super Kings,Delhi Capitals,163,10,145,8,1,1,0
392207,2009-05-03,2009,"St George's Park, Port Elizabeth",Port Elizabeth,Kolkata Knight Riders,bat,Punjab Kings,DPMD Jayawardene,Kolkata Knight Riders,Punjab Kings,153,3,154,4,0,0,1
392208,2009-05-03,2009,The Wanderers Stadium,Johannesburg,Mumbai Indians,bat,Royal Challengers Bangaluru,JH Kallis,Mumbai Indians,Royal Challengers Bangaluru,149,4,150,1,0,0,1
392209,2009-05-04,2009,Buffalo Park,East London,Chennai Super Kings,bat,Chennai Super Kings,MS Dhoni,Chennai Super Kings,Deccan Chargers,178,3,100,10,1,1,0
392210,2009-05-05,2009,Kingsmead,Durban,Punjab Kings,field,Rajasthan Royals,GC Smith,Rajasthan Royals,Punjab Kings,211,4,133,8,1,1,0
392211,2009-05-05,2009,Kingsmead,Durban,Kolkata Knight Riders,bat,Delhi Capitals,G Gambhir,Kolkata Knight Riders,Delhi Capitals,154,3,157,1,0,0,1
392212,2009-05-06,2009,"SuperSport Park, Centurion",Centurion,Deccan Chargers,bat,Deccan Chargers,RG Sharma,Deccan Chargers,Mumbai Indians,145,6,126,8,1,1,0
392213,2009-05-07,2009,"SuperSport Park, Centurion",Centurion,Rajasthan Royals,field,Rajasthan Royals,A Singh,Royal Challengers Bangaluru,Rajasthan Royals,105,10,107,3,0,0,1
392214,2009-05-07,2009,"SuperSport Park, Centurion",Centurion,Chennai Super Kings,bat,Chennai Super Kings,ML Hayden,Chennai Super Kings,Punjab Kings,185,3,174,3,1,1,0
392215,2009-05-08,2009,Buffalo Park,East London,Mumbai Indians,bat,Delhi Capitals,A Nehra,Mumbai Indians,Delhi Capitals,116,10,118,3,0,0,1
392216,2009-05-09,2009,De Beers Diamond Oval,Kimberley,Punjab Kings,field,Punjab Kings,DPMD Jayawardene,Deccan Chargers,Punjab Kings,168,5,169,7,0,0,1
392217,2009-05-09,2009,De Beers Diamond Oval,Kimberley,Rajasthan Royals,bat,Chennai Super Kings,S Badrinath,Rajasthan Royals,Chennai Super Kings,140,7,141,3,0,0,1
392218,2009-05-10,2009,"St George's Park, Port Elizabeth",Port Elizabeth,Mumbai Indians,bat,Mumbai Indians,JP Duminy,Mumbai Indians,Royal Challengers Bangaluru,157,2,141,7,1,1,0
392219,2009-05-10,2009,The Wanderers Stadium,Johannesburg,Delhi Capitals,field,Delhi Capitals,A Mishra,Kolkata Knight Riders,Delhi Capitals,123,8,125,3,0,0,1
392220,2009-05-11,2009,De Beers Diamond Oval,Kimberley,Deccan Chargers,bat,Deccan Chargers,DR Smith,Deccan Chargers,Rajasthan Royals,166,7,113,10,1,1,0
392221,2009-05-12,2009,"SuperSport Park, Centurion",Centurion,Royal Challengers Bangaluru,field,Royal Challengers Bangaluru,LRPL Taylor,Kolkata Knight Riders,Royal Challengers Bangaluru,173,4,176,4,0,0,1
392222,2009-05-12,2009,"SuperSport Park, Centurion",Centurion,Punjab Kings,bat,Mumbai Indians,Harbhajan Singh,Punjab Kings,Mumbai Indians,119,9,122,2,0,0,1
392223,2009-05-13,2009,Kingsmead,Durban,Deccan Chargers,field,Delhi Capitals,R Bhatia,Delhi Capitals,Deccan Chargers,173,7,161,10,1,1,0
392224,2009-05-14,2009,Kingsmead,Durban,Chennai Super Kings,bat,Royal Challengers Bangaluru,LRPL Taylor,Chennai Super Kings,Royal Challengers Bangaluru,129,10,132,8,0,0,1
392225,2009-05-14,2009,Kingsmead,Durban,Rajasthan Royals,bat,Rajasthan Royals,SK Warne,Rajasthan Royals,Mumbai Indians,145,7,143,10,1,1,0
392226,2009-05-15,2009,"OUTsurance Oval, Bloemfontein",Bloemfontein,Punjab Kings,field,Punjab Kings,B Lee,Delhi Capitals,Punjab Kings,120,9,123,4,0,0,1
392227,2009-05-16,2009,"St George's Park, Port Elizabeth",Port Elizabeth,Mumbai Indians,bat,Chennai Super Kings,ML Hayden,Mumbai Indians,Chennai Super Kings,147,5,151,3,0,0,1
392228,2009-05-16,2009,The Wanderers Stadium,Johannesburg,Deccan Chargers,field,Deccan Chargers,RG Sharma,Kolkata Knight Riders,Deccan Chargers,160,5,166,4,0,0,1
392229,2009-05-17,2009,The Wanderers Stadium,Johannesburg,Deccan Chargers,field,Punjab Kings,Yuvraj Singh,Punjab Kings,Deccan Chargers,134,7,133,8,1,1,0
392230,2009-05-17,2009,"OUTsurance Oval, Bloemfontein",Bloemfontein,Delhi Capitals,bat,Delhi Capitals,AB de Villiers,Delhi Capitals,Rajasthan Royals,150,3,136,9,1,1,0
392231,2009-05-18,2009,"SuperSport Park, Centurion",Centurion,Chennai Super Kings,bat,Kolkata Knight Riders,BJ Hodge,Chennai Super Kings,Kolkata Knight Riders,188,3,189,3,0,0,1
392232,2009-05-19,2009,The Wanderers Stadium,Johannesburg,Delhi Capitals,bat,Royal Challengers Bangaluru,JH Kallis,Delhi Capitals,Royal Challengers Bangaluru,134,7,135,3,0,0,1
392233,2009-05-20,2009,Kingsmead,Durban,Kolkata Knight Riders,field,Kolkata Knight Riders,LR Shukla,Rajasthan Royals,Kolkata Knight Riders,101,9,102,6,0,0,1
392234,2009-05-20,2009,Kingsmead,Durban,Chennai Super Kings,bat,Chennai Super Kings,M Muralitharan,Chennai Super Kings,Punjab Kings,116,9,92,8,1,1,0
392235,2009-05-21,2009,"SuperSport Park, Centurion",Centurion,Delhi Capitals,field,Delhi Capitals,V Sehwag,Mumbai Indians,Delhi Capitals,165,8,166,6,0,0,1
392236,2009-05-21,2009,"SuperSport Park, Centurion",Centurion,Royal Challengers Bangaluru,bat,Royal Challengers Bangaluru,MK Pandey,Royal Challengers Bangaluru,Deccan Chargers,170,4,158,6,1,1,0
392237,2009-05-22,2009,"SuperSport Park, Centurion",Centurion,Deccan Chargers,field,Deccan Chargers,AC Gilchrist,Delhi Capitals,Deccan Chargers,153,8,154,4,0,0,1
392238,2009-05-23,2009,The Wanderers Stadium,Johannesburg,Royal Challengers Bangaluru,field,Royal Challengers Bangaluru,MK Pandey,Chennai Super Kings,Royal Challengers Bangaluru,146,5,149,4,0,0,1
392239,2009-05-24,2009,The Wanderers Stadium,Johannesburg,Royal Challengers Bangaluru,field,Deccan Chargers,A Kumble,Deccan Chargers,Royal Challengers Bangaluru,143,6,137,9,1,1,0
419106,2010-03-12,2009/10,Dr DY Patil Sports Academy,Mumbai,Deccan Chargers,field,Kolkata Knight Riders,AD Mathews,Kolkata Knight Riders,Deccan Chargers,161,4,150,7,1,1,0
419107,2010-03-13,2009/10,Brabourne Stadium,Mumbai,Mumbai Indians,bat,Mumbai Indians,YK Pathan,Mumbai Indians,Rajasthan Royals,212,6,208,7,1,1,0
419108,2010-03-13,2009/10,Punjab Cricket Association Stadium,Chandigarh,Delhi Capitals,field,Delhi Capitals,G Gambhir,Punjab Kings,Delhi Capitals,142,9,146,5,0,0,1
419109,2010-03-14,2009/10,Eden Gardens,Kolkata,Kolkata Knight Riders,field,Kolkata Knight Riders,MK Tiwary,Royal Challengers Bangaluru,Kolkata Knight Riders,135,7,136,3,0,0,1
419110,2010-03-14,2009/10,"MA Chidambaram Stadium, Chennai",Chennai,Deccan Chargers,bat,Deccan Chargers,WPUJC Vaas,Deccan Chargers,Chennai Super Kings,190,4,159,9,1,1,0
419111,2010-03-15,2009/10,Narendra Modi Stadium,Ahmedabad,Delhi Capitals,field,Delhi Capitals,V Sehwag,Rajasthan Royals,Delhi Capitals,141,6,142,4,0,0,1
419112,2010-03-16,2009/10,M Chinnaswamy Stadium,Bangalore,Punjab Kings,bat,Royal Challengers Bangaluru,JH Kallis,Punjab Kings,Royal Challengers Bangaluru,203,3,204,2,0,0,1
419113,2010-03-16,2009/10,Eden Gardens,Kolkata,Chennai Super Kings,bat,Chennai Super Kings,MS Dhoni,Chennai Super Kings,Kolkata Knight Riders,164,3,109,10,1,1,0
419114,2010-03-17,2009/10,Arun Jaitley Stadium,Delhi,Delhi Capitals,field,Mumbai Indians,SR Tendulkar,Mumbai Indians,Delhi Capitals,218,7,120,9,1,1,0
419115,2010-03-18,2009/10,M Chinnaswamy Stadium,Bangalore,Royal Challengers Bangaluru,field,Royal Challengers Bangaluru,JH Kallis,Rajasthan Royals,Royal Challengers Bangaluru,92,10,93,0,0,0,1
419116,2010-03-19,2009/10,Arun Jaitley Stadium,Delhi,Delhi Capitals,bat,Chennai Super Kings,ML Hayden,Delhi Capitals,Chennai Super Kings,185,6,190,5,0,0,1
419117,2010-03-19,2009/10,Barabati Stadium,Cuttack,Punjab Kings,field,Deccan Chargers,A Symonds,Deccan Chargers,Punjab Kings,170,7,164,8,1,1,0
419118,2010-03-20,2009/10,Narendra Modi Stadium,Ahmedabad,Rajasthan Royals,bat,Rajasthan Royals,AA Jhunjhunwala,Rajasthan Royals,Kolkata Knight Riders,168,7,134,5,1,1,0
419119,2010-03-20,2009/10,Brabourne Stadium,Mumbai,Mumbai Indians,bat,Royal Challengers Bangaluru,JH Kallis,Mumbai Indians,Royal Challengers Bangaluru,151,9,155,3,0,0,1
419120,2010-03-21,2009/10,Barabati Stadium,Cuttack,Deccan Chargers,bat,Deccan Chargers,A Symonds,Deccan Chargers,Delhi Capitals,171,6,161,9,1,1,0
419121,2010-03-21,2009/10,"MA Chidambaram Stadium, Chennai",Chennai,Chennai Super Kings,field,Unknown,J Theron,Punjab Kings,Chennai Super Kings,136,8,136,7,0,0,0
419122,2010-03-22,2009/10,Brabourne Stadium,Mumbai,Kolkata Knight Riders,bat,Mumbai Indians,SR Tendulkar,Kolkata Knight Riders,Mumbai Indians,155,3,156,3,0,0,1
419123,2010-03-23,2009/10,M Chinnaswamy Stadium,Bangalore,Chennai Super Kings,field,Royal Challengers Bangaluru,RV Uthappa,Royal Challengers Bangaluru,Chennai Super Kings,171,5,135,7,1,1,0
419124,2010-03-24,2009/10,Punjab Cricket Association Stadium,Chandigarh,Punjab Kings,field,Rajasthan Royals,AC Voges,Rajasthan Royals,Punjab Kings,183,5,152,10,1,1,0
419125,2010-03-25,2009/10,Brabourne Stadium,Mumbai,Mumbai Indians,field,Mumbai Indians,SR Tendulkar,Chennai Super Kings,Mumbai Indians,180,2,181,5,0,0,1
419126,2010-03-26,2009/10,Narendra Modi Stadium,Ahmedabad,Deccan Chargers,bat,Rajasthan Royals,YK Pathan,Deccan Chargers,Rajasthan Royals,148,9,151,2,0,0,1
419127,2010-03-27,2009/10,Punjab Cricket Association Stadium,Chandigarh,Kolkata Knight Riders,bat,Kolkata Knight Riders,MK Tiwary,Kolkata Knight Riders,Punjab Kings,183,5,144,6,1,1,0
419128,2010-03-25,2009/10,M Chinnaswamy Stadium,Bangalore,Royal Challengers Bangaluru,field,Delhi Capitals,KM Jadhav,Delhi Capitals,Royal Challengers Bangaluru,183,4,166,9,1,1,0
419129,2010-03-28,2009/10,Narendra Modi Stadium,Ahmedabad,Rajasthan Royals,bat,Rajasthan Royals,NV Ojha,Rajasthan Royals,Chennai Super Kings,177,8,160,6,1,1,0
419130,2010-03-28,2009/10,Dr DY Patil Sports Academy,Mumbai,Deccan Chargers,field,Mumbai Indians,Harbhajan Singh,Mumbai Indians,Deccan Chargers,172,7,131,10,1,1,0
419131,2010-03-29,2009/10,Arun Jaitley Stadium,Delhi,Delhi Capitals,bat,Delhi Capitals,DA Warner,Delhi Capitals,Kolkata Knight Riders,177,4,137,9,1,1,0
419132,2010-03-30,2009/10,Brabourne Stadium,Mumbai,Mumbai Indians,field,Mumbai Indians,SL Malinga,Punjab Kings,Mumbai Indians,163,10,164,6,0,0,1
419133,2010-03-31,2009/10,"MA Chidambaram Stadium, Chennai",Chennai,Royal Challengers Bangaluru,bat,Chennai Super Kings,M Vijay,Royal Challengers Bangaluru,Chennai Super Kings,161,4,162,5,0,0,1
419134,2010-03-31,2009/10,Arun Jaitley Stadium,Delhi,Delhi Capitals,bat,Delhi Capitals,KD Karthik,Delhi Capitals,Rajasthan Royals,188,6,121,10,1,1,0
419135,2010-04-01,2009/10,Eden Gardens,Kolkata,Kolkata Knight Riders,bat,Kolkata Knight Riders,SC Ganguly,Kolkata Knight Riders,Deccan Chargers,181,6,157,5,1,1,0
419136,2010-04-02,2009/10,Punjab Cricket Association Stadium,Chandigarh,Punjab Kings,bat,Royal Challengers Bangaluru,KP Pietersen,Punjab Kings,Royal Challengers Bangaluru,181,5,184,4,0,0,1
419137,2010-04-03,2009/10,"MA Chidambaram Stadium, Chennai",Chennai,Chennai Super Kings,bat,Chennai Super Kings,M Vijay,Chennai Super Kings,Rajasthan Royals,246,5,223,5,1,1,0
419138,2010-04-03,2009/10,Brabourne Stadium,Mumbai,Mumbai Indians,bat,Mumbai Indians,AT Rayudu,Mumbai Indians,Deccan Chargers,178,5,115,10,1,1,0
419139,2010-04-04,2009/10,Eden Gardens,Kolkata,Kolkata Knight Riders,bat,Punjab Kings,DPMD Jayawardene,Kolkata Knight Riders,Punjab Kings,200,3,204,2,0,0,1
419140,2010-04-04,2009/10,Arun Jaitley Stadium,Delhi,Delhi Capitals,bat,Delhi Capitals,PD Collingwood,Delhi Capitals,Royal Challengers Bangaluru,184,5,147,9,1,1,0
419141,2010-04-05,2009/10,Vidarbha Cricket Association Stadium,Nagpur,Rajasthan Royals,bat,Rajasthan Royals,SK Warne,Rajasthan Royals,Deccan Chargers,159,10,157,10,1,1,0
419142,2010-04-06,2009/10,"MA Chidambaram Stadium, Chennai",Chennai,Chennai Super Kings,bat,Chennai Super Kings,SK Raina,Chennai Super Kings,Mumbai Indians,165,4,141,9,1,1,0
419143,2010-04-07,2009/10,Sawai Mansingh Stadium,Jaipur,Punjab Kings,bat,Rajasthan Royals,MJ Lumb,Punjab Kings,Rajasthan Royals,153,6,157,1,0,0,1
419144,2010-04-07,2009/10,Eden Gardens,Kolkata,Kolkata Knight Riders,bat,Kolkata Knight Riders,SC Ganguly,Kolkata Knight Riders,Delhi Capitals,181,3,167,8,1,1,0
419145,2010-04-08,2009/10,M Chinnaswamy Stadium,Bangalore,Deccan Chargers,field,Deccan Chargers,TL Suman,Royal Challengers Bangaluru,Deccan Chargers,184,6,186,3,0,0,1
419146,2010-04-09,2009/10,Punjab Cricket Association Stadium,Chandigarh,Mumbai Indians,bat,Punjab Kings,KC Sangakkara,Mumbai Indians,Punjab Kings,154,9,158,4,0,0,1
419147,2010-04-10,2009/10,Vidarbha Cricket Association Stadium,Nagpur,Chennai Super Kings,bat,Deccan Chargers,RJ Harris,Chennai Super Kings,Deccan Chargers,138,8,139,4,0,0,1
419148,2010-04-10,2009/10,M Chinnaswamy Stadium,Bangalore,Royal Challengers Bangaluru,field,Royal Challengers Bangaluru,R Vinay Kumar,Kolkata Knight Riders,Royal Challengers Bangaluru,160,9,162,3,0,0,1
419149,2010-04-11,2009/10,Arun Jaitley Stadium,Delhi,Delhi Capitals,bat,Punjab Kings,PP Chawla,Delhi Capitals,Punjab Kings,111,10,112,3,0,0,1
419150,2010-04-11,2009/10,Sawai Mansingh Stadium,Jaipur,Rajasthan Royals,field,Mumbai Indians,SR Tendulkar,Mumbai Indians,Rajasthan Royals,174,5,137,8,1,1,0
419151,2010-04-12,2009/10,Vidarbha Cricket Association Stadium,Nagpur,Royal Challengers Bangaluru,field,Deccan Chargers,Harmeet Singh,Deccan Chargers,Royal Challengers Bangaluru,151,6,138,10,1,1,0
419152,2010-04-13,2009/10,Brabourne Stadium,Mumbai,Mumbai Indians,bat,Mumbai Indians,KA Pollard,Mumbai Indians,Delhi Capitals,183,4,144,7,1,1,0
419153,2010-04-13,2009/10,"MA Chidambaram Stadium, Chennai",Chennai,Kolkata Knight Riders,bat,Chennai Super Kings,R Ashwin,Kolkata Knight Riders,Chennai Super Kings,139,8,143,1,0,0,1
419154,2010-04-14,2009/10,Sawai Mansingh Stadium,Jaipur,Rajasthan Royals,bat,Royal Challengers Bangaluru,KP Pietersen,Rajasthan Royals,Royal Challengers Bangaluru,130,6,132,5,0,0,1
419155,2010-04-15,2009/10,"MA Chidambaram Stadium, Chennai",Chennai,Chennai Super Kings,bat,Delhi Capitals,G Gambhir,Chennai Super Kings,Delhi Capitals,112,9,113,4,0,0,1
419156,2010-04-16,2009/10,"Himachal Pradesh Cricket Association Stadium, Dharamsala",Dharamsala,Deccan Chargers,field,Deccan Chargers,RG Sharma,Punjab Kings,Deccan Chargers,174,3,178,5,0,0,1
419157,2010-04-17,2009/10,M Chinnaswamy Stadium,Bangalore,Royal Challengers Bangaluru,field,Mumbai Indians,R McLaren,Mumbai Indians,Royal Challengers Bangaluru,191,4,134,9,1,1,0
419158,2010-04-17,2009/10,Eden Gardens,Kolkata,Rajasthan Royals,bat,Kolkata Knight Riders,JD Unadkat,Rajasthan Royals,Kolkata Knight Riders,132,9,133,2,0,0,1
419159,2010-04-18,2009/10,"Himachal Pradesh Cricket Association Stadium, Dharamsala",Dharamsala,Chennai Super Kings,field,Chennai Super Kings,MS Dhoni,Punjab Kings,Chennai Super Kings,192,3,195,4,0,0,1
419160,2010-04-18,2009/10,Arun Jaitley Stadium,Delhi,Deccan Chargers,bat,Deccan Chargers,A Symonds,Deccan Chargers,Delhi Capitals,145,7,134,7,1,1,0
419161,2010-04-19,2009/10,Eden Gardens,Kolkata,Mumbai Indians,bat,Kolkata Knight Riders,M Kartik,Mumbai Indians,Kolkata Knight Riders,133,8,135,1,0,0,1
419162,2010-04-21,2009/10,Dr DY Patil Sports Academy,Mumbai,Mumbai Indians,bat,Mumbai Indians,KA Pollard,Mumbai Indians,Royal Challengers Bangaluru,184,5,149,9,1,1,0
419163,2010-04-22,2009/10,Dr DY Patil Sports Academy,Mumbai,Chennai Super Kings,bat,Chennai Super Kings,DE Bollinger,Chennai Super Kings,Deccan Chargers,142,7,104,10,1,1,0
419164,2010-04-24,2009/10,Dr DY Patil Sports Academy,Mumbai,Deccan Chargers,bat,Royal Challengers Bangaluru,A Kumble,Deccan Chargers,Royal Challengers Bangaluru,82,10,86,1,0,0,1
419165,2010-04-25,2009/10,Dr DY Patil Sports Academy,Mumbai,Chennai Super Kings,bat,Chennai Super Kings,SK Raina,Chennai Super Kings,Mumbai Indians,168,5,146,9,1,1,0
501198,2011-04-08,2011,"MA Chidambaram Stadium, Chennai",Chennai,Chennai Super Kings,bat,Chennai Super Kings,S Anirudha,Chennai Super Kings,Kolkata Knight Riders,153,4,151,7,1,1,0
501199,2011-04-09,2011,"Rajiv Gandhi International Stadium, Hyderabad",Hyderabad,Rajasthan Royals,field,Rajasthan Royals,SK Trivedi,Deccan Chargers,Rajasthan Royals,137,8,141,2,0,0,1
501200,2011-04-09,2011,"Jawaharlal Nehru Stadium, Kochi",Kochi,Kochi Tuskers Kerala,bat,Royal Challengers Bangaluru,AB de Villiers,Kochi Tuskers Kerala,Royal Challengers Bangaluru,161,5,162,4,0,0,1
501201,2011-04-10,2011,Arun Jaitley Stadium,Delhi,Delhi Capitals,bat,Mumbai Indians,SL Malinga,Delhi Capitals,Mumbai Indians,95,10,99,2,0,0,1
501202,2011-04-10,2011,Dr DY Patil Sports Academy,Mumbai,Punjab Kings,bat,Pune Warriors,SB Wagh,Punjab Kings,Pune Warriors,112,8,113,3,0,0,1
501203,2011-04-11,2011,Eden Gardens,Kolkata,Kolkata Knight Riders,bat,Kolkata Knight Riders,JH Kallis,Kolkata Knight Riders,Deccan Chargers,163,4,154,8,1,1,0
501204,2011-04-12,2011,Sawai Mansingh Stadium,Jaipur,Delhi Capitals,bat,Rajasthan Royals,SK Warne,Delhi Capitals,Rajasthan Royals,151,6,152,4,0,0,1
501205,2011-04-12,2011,M Chinnaswamy Stadium,Bangalore,Mumbai Indians,field,Mumbai Indians,SR Tendulkar,Royal Challengers Bangaluru,Mumbai Indians,140,4,143,1,0,0,1
501206,2011-04-13,2011,Punjab Cricket Association Stadium,Chandigarh,Punjab Kings,field,Punjab Kings,PC Valthaty,Chennai Super Kings,Punjab Kings,188,4,193,4,0,0,1
501207,2011-04-13,2011,Dr DY Patil Sports Academy,Mumbai,Kochi Tuskers Kerala,bat,Pune Warriors,MD Mishra,Kochi Tuskers Kerala,Pune Warriors,148,8,151,6,0,0,1
501208,2011-04-14,2011,"Rajiv Gandhi International Stadium, Hyderabad",Hyderabad,Royal Challengers Bangaluru,field,Deccan Chargers,DW Steyn,Deccan Chargers,Royal Challengers Bangaluru,175,5,142,9,1,1,0
501209,2011-04-15,2011,Sawai Mansingh Stadium,Jaipur,Kolkata Knight Riders,field,Kolkata Knight Riders,G Gambhir,Rajasthan Royals,Kolkata Knight Riders,159,4,160,1,0,0,1
501210,2011-04-15,2011,Wankhede Stadium,Mumbai,Kochi Tuskers Kerala,field,Kochi Tuskers Kerala,BB McCullum,Mumbai Indians,Kochi Tuskers Kerala,182,2,184,2,0,0,1
501211,2011-04-16,2011,"MA Chidambaram Stadium, Chennai",Chennai,Chennai Super Kings,bat,Chennai Super Kings,MEK Hussey,Chennai Super Kings,Royal Challengers Bangaluru,183,5,162,7,1,1,0
501212,2011-04-16,2011,"Rajiv Gandhi International Stadium, Hyderabad",Hyderabad,Punjab Kings,field,Punjab Kings,PC Valthaty,Deccan Chargers,Punjab Kings,165,8,166,2,0,0,1
501213,2011-04-17,2011,Dr DY Patil Sports Academy,Mumbai,Delhi Capitals,field,Delhi Capitals,Yuvraj Singh,Pune Warriors,Delhi Capitals,187,5,190,7,0,0,1
501214,2011-04-17,2011,Eden Gardens,Kolkata,Kolkata Knight Riders,field,Kolkata Knight Riders,L Balaji,Rajasthan Royals,Kolkata Knight Riders,81,10,85,2,0,0,1
501215,2011-04-18,2011,"Jawaharlal Nehru Stadium, Kochi",Kochi,Kochi Tuskers Kerala,field,Kochi Tuskers Kerala,BB McCullum,Chennai Super Kings,Kochi Tuskers Kerala,131,4,135,3,0,0,1
501216,2011-04-19,2011,Arun Jaitley Stadium,Delhi,Deccan Chargers,bat,Deccan Chargers,S Sohal,Deccan Chargers,Delhi Capitals,168,4,152,7,1,1,0
501218,2011-04-20,2011,Wankhede Stadium,Mumbai,Pune Warriors,bat,Mumbai Indians,MM Patel,Pune Warriors,Mumbai Indians,118,10,124,3,0,0,1
501219,2011-04-20,2011,Eden Gardens,Kolkata,Kolkata Knight Riders,field,Kochi Tuskers Kerala,DPMD Jayawardene,Kochi Tuskers Kerala,Kolkata Knight Riders,132,7,126,9,1,1,0
501220,2011-04-21,2011,Punjab Cricket Association Stadium,Chandigarh,Rajasthan Royals,field,Punjab Kings,SE Marsh,Punjab Kings,Rajasthan Royals,195,7,147,7,1,1,0
501221,2011-04-22,2011,Wankhede Stadium,Mumbai,Chennai Super Kings,field,Mumbai Indians,Harbhajan Singh,Mumbai Indians,Chennai Super Kings,164,4,156,9,1,1,0
501222,2011-04-22,2011,Eden Gardens,Kolkata,Royal Challengers Bangaluru,field,Royal Challengers Bangaluru,CH Gayle,Kolkata Knight Riders,Royal Challengers Bangaluru,171,5,175,1,0,0,1
501223,2011-04-23,2011,Arun Jaitley Stadium,Delhi,Punjab Kings,field,Delhi Capitals,DA Warner,Delhi Capitals,Punjab Kings,231,4,202,6,1,1,0
501224,2011-04-24,2011,"Rajiv Gandhi International Stadium, Hyderabad",Hyderabad,Deccan Chargers,field,Mumbai Indians,SL Malinga,Mumbai Indians,Deccan Chargers,172,4,135,8,1,1,0
501225,2011-04-24,2011,Sawai Mansingh Stadium,Jaipur,Rajasthan Royals,field,Rajasthan Royals,SK Warne,Kochi Tuskers Kerala,Rajasthan Royals,109,10,111,2,0,0,1
501226,2011-04-25,2011,"MA Chidambaram Stadium, Chennai",Chennai,Pune Warriors,field,Chennai Super Kings,MEK Hussey,Chennai Super Kings,Pune Warriors,142,6,117,9,1,1,0
501227,2011-04-26,2011,Arun Jaitley Stadium,Delhi,Royal Challengers Bangaluru,field,Royal Challengers Bangaluru,V Kohli,Delhi Capitals,Royal Challengers Bangaluru,160,6,161,7,0,0,1
501228,2011-04-27,2011,Dr DY Patil Sports Academy,Mumbai,Pune Warriors,bat,Chennai Super Kings,DE Bollinger,Pune Warriors,Chennai Super Kings,141,6,145,2,0,0,1
501229,2011-04-27,2011,"Jawaharlal Nehru Stadium, Kochi",Kochi,Kochi Tuskers Kerala,field,Deccan Chargers,I Sharma,Deccan Chargers,Kochi Tuskers Kerala,129,7,74,10,1,1,0
501230,2011-04-28,2011,Arun Jaitley Stadium,Delhi,Delhi Capitals,field,Kolkata Knight Riders,MK Tiwary,Kolkata Knight Riders,Delhi Capitals,148,7,131,9,1,1,0
501231,2011-04-29,2011,Sawai Mansingh Stadium,Jaipur,Rajasthan Royals,field,Rajasthan Royals,J Botha,Mumbai Indians,Rajasthan Royals,94,8,95,3,0,0,1
501232,2011-04-29,2011,M Chinnaswamy Stadium,Bangalore,Pune Warriors,field,Royal Challengers Bangaluru,V Kohli,Royal Challengers Bangaluru,Pune Warriors,181,5,155,5,1,1,0
501233,2011-04-30,2011,"Jawaharlal Nehru Stadium, Kochi",Kochi,Delhi Capitals,bat,Delhi Capitals,V Sehwag,Delhi Capitals,Kochi Tuskers Kerala,157,7,119,10,1,1,0
501234,2011-04-30,2011,Eden Gardens,Kolkata,Kolkata Knight Riders,field,Kolkata Knight Riders,Iqbal Abdulla,Punjab Kings,Kolkata Knight Riders,119,6,120,2,0,0,1
501235,2011-05-01,2011,Sawai Mansingh Stadium,Jaipur,Rajasthan Royals,field,Rajasthan Royals,LRPL Taylor,Pune Warriors,Rajasthan Royals,143,7,144,4,0,0,1
501236,2011-05-01,2011,"MA Chidambaram Stadium, Chennai",Chennai,Chennai Super Kings,bat,Chennai Super Kings,JA Morkel,Chennai Super Kings,Deccan Chargers,165,5,146,8,1,1,0
501237,2011-05-02,2011,Wankhede Stadium,Mumbai,Punjab Kings,field,Mumbai Indians,KA Pollard,Mumbai Indians,Punjab Kings,159,5,136,8,1,1,0
501238,2011-05-02,2011,Arun Jaitley Stadium,Delhi,Kochi Tuskers Kerala,field,Kochi Tuskers Kerala,P Parameswaran,Delhi Capitals,Kochi Tuskers Kerala,140,6,141,3,0,0,1
501239,2011-05-03,2011,"Rajiv Gandhi International Stadium, Hyderabad",Hyderabad,Deccan Chargers,field,Kolkata Knight Riders,YK Pathan,Kolkata Knight Riders,Deccan Chargers,169,4,149,6,1,1,0
501240,2011-05-04,2011,"MA Chidambaram Stadium, Chennai",Chennai,Rajasthan Royals,bat,Chennai Super Kings,MEK Hussey,Rajasthan Royals,Chennai Super Kings,147,6,149,2,0,0,1
501241,2011-05-04,2011,Dr DY Patil Sports Academy,Mumbai,Pune Warriors,field,Mumbai Indians,R Sharma,Mumbai Indians,Pune Warriors,160,7,139,7,1,1,0
501242,2011-05-05,2011,"Jawaharlal Nehru Stadium, Kochi",Kochi,Kolkata Knight Riders,field,Kochi Tuskers Kerala,BJ Hodge,Kochi Tuskers Kerala,Kolkata Knight Riders,156,5,139,7,1,1,0
501243,2011-05-05,2011,"Rajiv Gandhi International Stadium, Hyderabad",Hyderabad,Delhi Capitals,field,Delhi Capitals,V Sehwag,Deccan Chargers,Delhi Capitals,175,5,179,6,0,0,1
501244,2011-05-06,2011,M Chinnaswamy Stadium,Bangalore,Punjab Kings,field,Royal Challengers Bangaluru,CH Gayle,Royal Challengers Bangaluru,Punjab Kings,205,6,120,9,1,1,0
501245,2011-05-07,2011,Eden Gardens,Kolkata,Chennai Super Kings,bat,Kolkata Knight Riders,Iqbal Abdulla,Chennai Super Kings,Kolkata Knight Riders,114,4,61,2,0,0,1
501246,2011-05-07,2011,Wankhede Stadium,Mumbai,Delhi Capitals,field,Mumbai Indians,AT Rayudu,Mumbai Indians,Delhi Capitals,178,4,146,10,1,1,0
501247,2011-05-08,2011,M Chinnaswamy Stadium,Bangalore,Kochi Tuskers Kerala,bat,Royal Challengers Bangaluru,CH Gayle,Kochi Tuskers Kerala,Royal Challengers Bangaluru,125,9,128,1,0,0,1
501248,2011-05-08,2011,Punjab Cricket Association Stadium,Chandigarh,Punjab Kings,bat,Pune Warriors,R Sharma,Punjab Kings,Pune Warriors,119,8,120,5,0,0,1
501249,2011-05-09,2011,Sawai Mansingh Stadium,Jaipur,Rajasthan Royals,field,Chennai Super Kings,M Vijay,Chennai Super Kings,Rajasthan Royals,196,3,133,10,1,1,0
501250,2011-05-10,2011,"Rajiv Gandhi International Stadium, Hyderabad",Hyderabad,Deccan Chargers,bat,Pune Warriors,MR Marsh,Deccan Chargers,Pune Warriors,136,8,137,4,0,0,1
501251,2011-05-10,2011,Punjab Cricket Association Stadium,Chandigarh,Mumbai Indians,field,Punjab Kings,BA Bhatt,Punjab Kings,Mumbai Indians,163,8,87,10,1,1,0
501252,2011-05-11,2011,Sawai Mansingh Stadium,Jaipur,Royal Challengers Bangaluru,field,Royal Challengers Bangaluru,S Aravind,Rajasthan Royals,Royal Challengers Bangaluru,146,6,151,1,0,0,1
501253,2011-05-12,2011,"MA Chidambaram Stadium, Chennai",Chennai,Chennai Super Kings,bat,Chennai Super Kings,MS Dhoni,Chennai Super Kings,Delhi Capitals,176,4,158,6,1,1,0
501254,2011-05-13,2011,Holkar Cricket Stadium,Indore,Punjab Kings,field,Punjab Kings,KD Karthik,Kochi Tuskers Kerala,Punjab Kings,178,7,181,4,0,0,1
501255,2011-05-14,2011,M Chinnaswamy Stadium,Bangalore,Royal Challengers Bangaluru,field,Royal Challengers Bangaluru,CH Gayle,Kolkata Knight Riders,Royal Challengers Bangaluru,89,4,105,6,0,0,1
501256,2011-05-14,2011,Wankhede Stadium,Mumbai,Deccan Chargers,bat,Deccan Chargers,A Mishra,Deccan Chargers,Mumbai Indians,135,6,125,8,1,1,0
501257,2011-05-15,2011,"Himachal Pradesh Cricket Association Stadium, Dharamsala",Dharamsala,Delhi Capitals,field,Punjab Kings,PP Chawla,Punjab Kings,Delhi Capitals,170,6,141,8,1,1,0
501258,2011-05-15,2011,Holkar Cricket Stadium,Indore,Kochi Tuskers Kerala,field,Kochi Tuskers Kerala,BJ Hodge,Rajasthan Royals,Kochi Tuskers Kerala,97,10,98,2,0,0,1
501259,2011-05-16,2011,Dr DY Patil Sports Academy,Mumbai,Deccan Chargers,field,Deccan Chargers,A Mishra,Pune Warriors,Deccan Chargers,136,9,138,4,0,0,1
501260,2011-05-17,2011,"Himachal Pradesh Cricket Association Stadium, Dharamsala",Dharamsala,Punjab Kings,bat,Punjab Kings,AC Gilchrist,Punjab Kings,Royal Challengers Bangaluru,232,2,121,10,1,1,0
501261,2011-05-18,2011,"MA Chidambaram Stadium, Chennai",Chennai,Chennai Super Kings,bat,Chennai Super Kings,WP Saha,Chennai Super Kings,Kochi Tuskers Kerala,152,5,141,5,1,1,0
501262,2011-05-19,2011,Dr DY Patil Sports Academy,Mumbai,Kolkata Knight Riders,field,Kolkata Knight Riders,YK Pathan,Pune Warriors,Kolkata Knight Riders,118,7,119,3,0,0,1
501263,2011-05-20,2011,Wankhede Stadium,Mumbai,Mumbai Indians,bat,Rajasthan Royals,SR Watson,Mumbai Indians,Rajasthan Royals,133,5,134,0,0,0,1
501264,2011-05-21,2011,"Himachal Pradesh Cricket Association Stadium, Dharamsala",Dharamsala,Punjab Kings,field,Deccan Chargers,S Dhawan,Deccan Chargers,Punjab Kings,198,2,116,10,1,1,0
501266,2011-05-22,2011,M Chinnaswamy Stadium,Bangalore,Royal Challengers Bangaluru,field,Royal Challengers Bangaluru,CH Gayle,Chennai Super Kings,Royal Challengers Bangaluru,128,8,129,2,0,0,1
501267,2011-05-22,2011,Eden Gardens,Kolkata,Mumbai Indians,field,Mumbai Indians,JEC Franklin,Kolkata Knight Riders,Mumbai Indians,175,7,178,5,0,0,1
501268,2011-05-24,2011,Wankhede Stadium,Mumbai,Chennai Super Kings,field,Chennai Super Kings,SK Raina,Royal Challengers Bangaluru,Chennai Super Kings,175,4,177,4,0,0,1
501269,2011-05-25,2011,Wankhede Stadium,Mumbai,Mumbai Indians,field,Mumbai Indians,MM Patel,Kolkata Knight Riders,Mumbai Indians,147,7,148,6,0,0,1
501270,2011-05-27,2011,"MA Chidambaram Stadium, Chennai",Chennai,Mumbai Indians,field,Royal Challengers Bangaluru,CH Gayle,Royal Challengers Bangaluru,Mumbai Indians,185,4,142,8,1,1,0
501271,2011-05-28,2011,"MA Chidambaram Stadium, Chennai",Chennai,Chennai Super Kings,bat,Chennai Super Kings,M Vijay,Chennai Super Kings,Royal Challengers Bangaluru,205,5,147,8,1,1,0
548306,2012-04-04,2012,"MA Chidambaram Stadium, Chennai",Chennai,Mumbai Indians,field,Mumbai Indians,RE Levi,Chennai Super Kings,Mumbai Indians,112,10,115,2,0,0,1
548307,2012-04-05,2012,Eden Gardens,Kolkata,Delhi Capitals,field,Delhi Capitals,IK Pathan,Kolkata Knight Riders,Delhi Capitals,97,9,100,2,0,0,1
548308,2012-04-06,2012,Wankhede Stadium,Mumbai,Mumbai Indians,field,Pune Warriors,SPD Smith,Pune Warriors,Mumbai Indians,129,9,101,9,1,1,0
548309,2012-04-06,2012,Sawai Mansingh Stadium,Jaipur,Punjab Kings,field,Rajasthan Royals,AM Rahane,Rajasthan Royals,Punjab Kings,191,4,160,9,1,1,0
548310,2012-04-07,2012,M Chinnaswamy Stadium,Bangalore,Delhi Capitals,field,Royal Challengers Bangaluru,AB de Villiers,Royal Challengers Bangaluru,Delhi Capitals,157,8,137,7,1,1,0
548311,2012-04-07,2012,Dr YS Rajasekhara Reddy ACA-VDCA Cricket Stadium,Visakhapatnam,Deccan Chargers,field,Chennai Super Kings,RA Jadeja,Chennai Super Kings,Deccan Chargers,193,6,119,10,1,1,0
548312,2012-04-08,2012,Sawai Mansingh Stadium,Jaipur,Kolkata Knight Riders,field,Rajasthan Royals,BJ Hodge,Rajasthan Royals,Kolkata Knight Riders,164,5,142,10,1,1,0
548313,2012-04-08,2012,Subrata Roy Sahara Stadium,Pune,Pune Warriors,bat,Pune Warriors,MN Samuels,Pune Warriors,Punjab Kings,166,6,144,8,1,1,0
548314,2012-04-09,2012,Dr YS Rajasekhara Reddy ACA-VDCA Cricket Stadium,Visakhapatnam,Deccan Chargers,bat,Mumbai Indians,RG Sharma,Deccan Chargers,Mumbai Indians,138,9,142,5,0,0,1
548315,2012-04-10,2012,M Chinnaswamy Stadium,Bangalore,Royal Challengers Bangaluru,field,Kolkata Knight Riders,L Balaji,Kolkata Knight Riders,Royal Challengers Bangaluru,165,8,123,9,1,1,0
548316,2012-04-10,2012,Arun Jaitley Stadium,Delhi,Delhi Capitals,field,Delhi Capitals,M Morkel,Chennai Super Kings,Delhi Capitals,110,8,111,2,0,0,1
548317,2012-04-11,2012,Wankhede Stadium,Mumbai,Rajasthan Royals,field,Mumbai Indians,KA Pollard,Mumbai Indians,Rajasthan Royals,197,6,170,10,1,1,0
548318,2012-04-12,2012,"MA Chidambaram Stadium, Chennai",Chennai,Royal Challengers Bangaluru,bat,Chennai Super Kings,F du Plessis,Royal Challengers Bangaluru,Chennai Super Kings,205,8,208,5,0,0,1
548319,2012-04-12,2012,Punjab Cricket Association Stadium,Chandigarh,Punjab Kings,field,Punjab Kings,AD Mascarenhas,Pune Warriors,Punjab Kings,115,10,116,3,0,0,1
548320,2012-04-13,2012,Eden Gardens,Kolkata,Rajasthan Royals,bat,Kolkata Knight Riders,Shakib Al Hasan,Rajasthan Royals,Kolkata Knight Riders,131,5,137,5,0,0,1
548321,2012-04-19,2012,Arun Jaitley Stadium,Delhi,Deccan Chargers,bat,Delhi Capitals,KP Pietersen,Deccan Chargers,Delhi Capitals,157,8,162,5,0,0,1
548322,2012-04-14,2012,Subrata Roy Sahara Stadium,Pune,Chennai Super Kings,bat,Pune Warriors,JD Ryder,Chennai Super Kings,Pune Warriors,155,5,156,3,0,0,1
548323,2012-04-15,2012,Eden Gardens,Kolkata,Kolkata Knight Riders,field,Punjab Kings,SP Narine,Punjab Kings,Kolkata Knight Riders,134,9,132,7,1,1,0
548324,2012-04-15,2012,M Chinnaswamy Stadium,Bangalore,Rajasthan Royals,bat,Rajasthan Royals,AM Rahane,Rajasthan Royals,Royal Challengers Bangaluru,195,2,136,10,1,1,0
548325,2012-04-16,2012,Wankhede Stadium,Mumbai,Delhi Capitals,field,Delhi Capitals,S Nadeem,Mumbai Indians,Delhi Capitals,92,10,93,3,0,0,1
548326,2012-04-17,2012,Sawai Mansingh Stadium,Jaipur,Deccan Chargers,bat,Rajasthan Royals,BJ Hodge,Deccan Chargers,Rajasthan Royals,196,2,197,5,0,0,1
548327,2012-04-17,2012,M Chinnaswamy Stadium,Bangalore,Pune Warriors,bat,Royal Challengers Bangaluru,CH Gayle,Pune Warriors,Royal Challengers Bangaluru,182,6,186,4,0,0,1
548328,2012-04-18,2012,Punjab Cricket Association Stadium,Chandigarh,Punjab Kings,bat,Kolkata Knight Riders,G Gambhir,Punjab Kings,Kolkata Knight Riders,124,7,127,2,0,0,1
548329,2012-05-10,2012,"Rajiv Gandhi International Stadium, Hyderabad",Hyderabad,Deccan Chargers,bat,Delhi Capitals,DA Warner,Deccan Chargers,Delhi Capitals,187,4,193,1,0,0,1
548330,2012-04-19,2012,"MA Chidambaram Stadium, Chennai",Chennai,Pune Warriors,field,Chennai Super Kings,KMDN Kulasekara,Chennai Super Kings,Pune Warriors,164,5,151,7,1,1,0
548331,2012-04-20,2012,Punjab Cricket Association Stadium,Chandigarh,Royal Challengers Bangaluru,field,Royal Challengers Bangaluru,CH Gayle,Punjab Kings,Royal Challengers Bangaluru,163,6,166,5,0,0,1
548332,2012-04-21,2012,"MA Chidambaram Stadium, Chennai",Chennai,Rajasthan Royals,bat,Chennai Super Kings,F du Plessis,Rajasthan Royals,Chennai Super Kings,146,4,147,3,0,0,1
548333,2012-04-21,2012,Arun Jaitley Stadium,Delhi,Delhi Capitals,field,Pune Warriors,SC Ganguly,Pune Warriors,Delhi Capitals,192,3,172,7,1,1,0
548334,2012-04-22,2012,Wankhede Stadium,Mumbai,Mumbai Indians,bat,Punjab Kings,SE Marsh,Mumbai Indians,Punjab Kings,163,6,164,4,0,0,1
548335,2012-04-22,2012,Barabati Stadium,Cuttack,Kolkata Knight Riders,field,Kolkata Knight Riders,B Lee,Deccan Chargers,Kolkata Knight Riders,126,7,127,5,0,0,1
548336,2012-04-23,2012,Sawai Mansingh Stadium,Jaipur,Rajasthan Royals,field,Royal Challengers Bangaluru,AB de Villiers,Royal Challengers Bangaluru,Rajasthan Royals,189,3,143,7,1,1,0
548337,2012-04-24,2012,Subrata Roy Sahara Stadium,Pune,Pune Warriors,bat,Delhi Capitals,V Sehwag,Pune Warriors,Delhi Capitals,146,2,148,2,0,0,1
548339,2012-04-25,2012,Punjab Cricket Association Stadium,Chandigarh,Punjab Kings,bat,Mumbai Indians,AT Rayudu,Punjab Kings,Mumbai Indians,168,3,171,6,0,0,1
548341,2012-04-26,2012,Subrata Roy Sahara Stadium,Pune,Deccan Chargers,bat,Deccan Chargers,CL White,Deccan Chargers,Pune Warriors,177,4,159,7,1,1,0
548342,2012-04-27,2012,Arun Jaitley Stadium,Delhi,Mumbai Indians,field,Delhi Capitals,V Sehwag,Delhi Capitals,Mumbai Indians,207,5,170,9,1,1,0
548343,2012-04-28,2012,"MA Chidambaram Stadium, Chennai",Chennai,Punjab Kings,bat,Punjab Kings,Mandeep Singh,Punjab Kings,Chennai Super Kings,156,8,149,8,1,1,0
548344,2012-04-28,2012,Eden Gardens,Kolkata,Kolkata Knight Riders,bat,Kolkata Knight Riders,G Gambhir,Kolkata Knight Riders,Royal Challengers Bangaluru,190,4,143,6,1,1,0
548345,2012-04-29,2012,Arun Jaitley Stadium,Delhi,Delhi Capitals,bat,Delhi Capitals,V Sehwag,Delhi Capitals,Rajasthan Royals,152,6,151,3,1,1,0
548346,2012-04-29,2012,Wankhede Stadium,Mumbai,Mumbai Indians,field,Mumbai Indians,DW Steyn,Deccan Chargers,Mumbai Indians,100,10,101,5,0,0,1
548347,2012-04-30,2012,"MA Chidambaram Stadium, Chennai",Chennai,Chennai Super Kings,bat,Kolkata Knight Riders,G Gambhir,Chennai Super Kings,Kolkata Knight Riders,139,5,140,5,0,0,1
548348,2012-05-01,2012,Barabati Stadium,Cuttack,Deccan Chargers,bat,Deccan Chargers,KC Sangakkara,Deccan Chargers,Pune Warriors,186,4,173,5,1,1,0
548349,2012-05-01,2012,Sawai Mansingh Stadium,Jaipur,Rajasthan Royals,bat,Delhi Capitals,P Negi,Rajasthan Royals,Delhi Capitals,141,6,144,4,0,0,1
548350,2012-05-02,2012,M Chinnaswamy Stadium,Bangalore,Punjab Kings,field,Punjab Kings,Azhar Mahmood,Royal Challengers Bangaluru,Punjab Kings,158,5,163,6,0,0,1
548351,2012-05-03,2012,Subrata Roy Sahara Stadium,Pune,Mumbai Indians,bat,Mumbai Indians,SL Malinga,Mumbai Indians,Pune Warriors,120,9,119,6,1,1,0
548352,2012-05-04,2012,"MA Chidambaram Stadium, Chennai",Chennai,Chennai Super Kings,bat,Chennai Super Kings,SK Raina,Chennai Super Kings,Deccan Chargers,160,6,150,5,1,1,0
548353,2012-05-05,2012,Eden Gardens,Kolkata,Kolkata Knight Riders,bat,Kolkata Knight Riders,SP Narine,Kolkata Knight Riders,Pune Warriors,150,5,143,8,1,1,0
548354,2012-05-05,2012,Punjab Cricket Association Stadium,Chandigarh,Rajasthan Royals,bat,Rajasthan Royals,SR Watson,Rajasthan Royals,Punjab Kings,177,6,134,8,1,1,0
548355,2012-05-06,2012,Wankhede Stadium,Mumbai,Mumbai Indians,field,Mumbai Indians,DR Smith,Chennai Super Kings,Mumbai Indians,173,8,174,8,0,0,1
548356,2012-05-06,2012,M Chinnaswamy Stadium,Bangalore,Royal Challengers Bangaluru,field,Royal Challengers Bangaluru,AB de Villiers,Deccan Chargers,Royal Challengers Bangaluru,181,2,185,5,0,0,1
548357,2012-05-07,2012,Arun Jaitley Stadium,Delhi,Delhi Capitals,bat,Kolkata Knight Riders,JH Kallis,Delhi Capitals,Kolkata Knight Riders,153,9,154,4,0,0,1
548358,2012-05-08,2012,Subrata Roy Sahara Stadium,Pune,Pune Warriors,bat,Rajasthan Royals,SR Watson,Pune Warriors,Rajasthan Royals,125,6,126,3,0,0,1
548359,2012-05-08,2012,"Rajiv Gandhi International Stadium, Hyderabad",Hyderabad,Deccan Chargers,field,Punjab Kings,Mandeep Singh,Punjab Kings,Deccan Chargers,170,5,145,8,1,1,0
548360,2012-05-09,2012,Wankhede Stadium,Mumbai,Royal Challengers Bangaluru,field,Royal Challengers Bangaluru,CH Gayle,Mumbai Indians,Royal Challengers Bangaluru,141,6,142,1,0,0,1
548361,2012-05-10,2012,Sawai Mansingh Stadium,Jaipur,Chennai Super Kings,field,Chennai Super Kings,BW Hilfenhaus,Rajasthan Royals,Chennai Super Kings,126,6,127,6,0,0,1
548362,2012-05-11,2012,Subrata Roy Sahara Stadium,Pune,Pune Warriors,field,Royal Challengers Bangaluru,CH Gayle,Royal Challengers Bangaluru,Pune Warriors,173,3,138,9,1,1,0
548363,2012-05-12,2012,Eden Gardens,Kolkata,Mumbai Indians,bat,Mumbai Indians,RG Sharma,Mumbai Indians,Kolkata Knight Riders,182,1,155,4,1,1,0
548364,2012-05-12,2012,"MA Chidambaram Stadium, Chennai",Chennai,Chennai Super Kings,field,Chennai Super Kings,BW Hilfenhaus,Delhi Capitals,Chennai Super Kings,114,5,115,1,0,0,1
548365,2012-05-13,2012,Sawai Mansingh Stadium,Jaipur,Rajasthan Royals,bat,Rajasthan Royals,A Chandila,Rajasthan Royals,Pune Warriors,170,4,125,9,1,1,0
548366,2012-05-13,2012,Punjab Cricket Association Stadium,Chandigarh,Deccan Chargers,bat,Punjab Kings,DJ Hussey,Deccan Chargers,Punjab Kings,190,4,194,6,0,0,1
548367,2012-05-14,2012,M Chinnaswamy Stadium,Bangalore,Mumbai Indians,field,Mumbai Indians,AT Rayudu,Royal Challengers Bangaluru,Mumbai Indians,171,6,173,5,0,0,1
548368,2012-05-14,2012,Eden Gardens,Kolkata,Chennai Super Kings,field,Chennai Super Kings,MEK Hussey,Kolkata Knight Riders,Chennai Super Kings,158,6,160,5,0,0,1
548369,2012-05-15,2012,Arun Jaitley Stadium,Delhi,Punjab Kings,bat,Delhi Capitals,UT Yadav,Punjab Kings,Delhi Capitals,136,8,140,5,0,0,1
548370,2012-05-16,2012,Wankhede Stadium,Mumbai,Mumbai Indians,field,Kolkata Knight Riders,SP Narine,Kolkata Knight Riders,Mumbai Indians,140,7,108,10,1,1,0
548371,2012-05-17,2012,"Himachal Pradesh Cricket Association Stadium, Dharamsala",Dharamsala,Punjab Kings,field,Punjab Kings,AC Gilchrist,Chennai Super Kings,Punjab Kings,120,7,123,4,0,0,1
548372,2012-05-17,2012,Arun Jaitley Stadium,Delhi,Delhi Capitals,field,Royal Challengers Bangaluru,CH Gayle,Royal Challengers Bangaluru,Delhi Capitals,215,1,194,9,1,1,0
548373,2012-05-18,2012,"Rajiv Gandhi International Stadium, Hyderabad",Hyderabad,Rajasthan Royals,bat,Deccan Chargers,DW Steyn,Rajasthan Royals,Deccan Chargers,126,8,128,5,0,0,1
548374,2012-05-19,2012,"Himachal Pradesh Cricket Association Stadium, Dharamsala",Dharamsala,Delhi Capitals,field,Delhi Capitals,UT Yadav,Punjab Kings,Delhi Capitals,141,8,145,4,0,0,1
548375,2012-05-19,2012,Subrata Roy Sahara Stadium,Pune,Kolkata Knight Riders,bat,Kolkata Knight Riders,Shakib Al Hasan,Kolkata Knight Riders,Pune Warriors,136,4,102,8,1,1,0
548376,2012-05-20,2012,"Rajiv Gandhi International Stadium, Hyderabad",Hyderabad,Royal Challengers Bangaluru,field,Deccan Chargers,DW Steyn,Deccan Chargers,Royal Challengers Bangaluru,132,7,123,9,1,1,0
548377,2012-05-20,2012,Sawai Mansingh Stadium,Jaipur,Rajasthan Royals,bat,Mumbai Indians,DR Smith,Rajasthan Royals,Mumbai Indians,162,6,163,0,0,0,1
548378,2012-05-22,2012,Subrata Roy Sahara Stadium,Pune,Kolkata Knight Riders,bat,Kolkata Knight Riders,YK Pathan,Kolkata Knight Riders,Delhi Capitals,162,4,144,8,1,1,0
548379,2012-05-23,2012,M Chinnaswamy Stadium,Bangalore,Mumbai Indians,field,Chennai Super Kings,MS Dhoni,Chennai Super Kings,Mumbai Indians,187,5,149,9,1,1,0
548380,2012-05-25,2012,"MA Chidambaram Stadium, Chennai",Chennai,Delhi Capitals,field,Chennai Super Kings,M Vijay,Chennai Super Kings,Delhi Capitals,222,5,136,10,1,1,0
548381,2012-05-27,2012,"MA Chidambaram Stadium, Chennai",Chennai,Chennai Super Kings,bat,Kolkata Knight Riders,MS Bisla,Chennai Super Kings,Kolkata Knight Riders,190,3,192,5,0,0,1
597998,2013-04-03,2013,Eden Gardens,Kolkata,Kolkata Knight Riders,field,Kolkata Knight Riders,SP Narine,Delhi Capitals,Kolkata Knight Riders,128,10,129,4,0,0,1
597999,2013-04-04,2013,M Chinnaswamy Stadium,Bangalore,Mumbai Indians,field,Royal Challengers Bangaluru,CH Gayle,Royal Challengers Bangaluru,Mumbai Indians,156,5,154,5,1,1,0
598000,2013-04-05,2013,"Rajiv Gandhi International Stadium, Hyderabad",Hyderabad,Pune Warriors,field,Sunrisers Hyderabad,A Mishra,Sunrisers Hyderabad,Pune Warriors,126,6,104,10,1,1,0
598001,2013-04-06,2013,Arun Jaitley Stadium,Delhi,Rajasthan Royals,bat,Rajasthan Royals,R Dravid,Rajasthan Royals,Delhi Capitals,165,7,160,6,1,1,0
598002,2013-04-06,2013,"MA Chidambaram Stadium, Chennai",Chennai,Mumbai Indians,bat,Mumbai Indians,KA Pollard,Mumbai Indians,Chennai Super Kings,148,6,139,9,1,1,0
598003,2013-04-07,2013,Subrata Roy Sahara Stadium,Pune,Pune Warriors,bat,Punjab Kings,M Vohra,Pune Warriors,Punjab Kings,99,9,100,2,0,0,1
598004,2013-04-07,2013,"Rajiv Gandhi International Stadium, Hyderabad",Hyderabad,Royal Challengers Bangaluru,bat,Unknown,GH Vihari,Royal Challengers Bangaluru,Sunrisers Hyderabad,130,8,130,7,0,0,0
598005,2013-04-08,2013,Sawai Mansingh Stadium,Jaipur,Kolkata Knight Riders,field,Rajasthan Royals,SK Trivedi,Rajasthan Royals,Kolkata Knight Riders,144,6,125,10,1,1,0
598006,2013-04-09,2013,Wankhede Stadium,Mumbai,Mumbai Indians,bat,Mumbai Indians,KD Karthik,Mumbai Indians,Delhi Capitals,209,5,165,9,1,1,0
598007,2013-04-10,2013,Punjab Cricket Association Stadium,Chandigarh,Chennai Super Kings,field,Chennai Super Kings,MEK Hussey,Punjab Kings,Chennai Super Kings,138,10,139,0,0,0,1
598008,2013-04-11,2013,M Chinnaswamy Stadium,Bangalore,Royal Challengers Bangaluru,field,Royal Challengers Bangaluru,CH Gayle,Kolkata Knight Riders,Royal Challengers Bangaluru,154,8,158,2,0,0,1
598009,2013-04-11,2013,Subrata Roy Sahara Stadium,Pune,Rajasthan Royals,bat,Pune Warriors,AJ Finch,Rajasthan Royals,Pune Warriors,145,5,148,3,0,0,1
598010,2013-04-12,2013,Arun Jaitley Stadium,Delhi,Delhi Capitals,bat,Sunrisers Hyderabad,A Mishra,Delhi Capitals,Sunrisers Hyderabad,114,8,115,7,0,0,1
598011,2013-04-13,2013,Wankhede Stadium,Mumbai,Mumbai Indians,bat,Mumbai Indians,RG Sharma,Mumbai Indians,Pune Warriors,183,3,142,8,1,1,0
598012,2013-04-13,2013,"MA Chidambaram Stadium, Chennai",Chennai,Chennai Super Kings,field,Chennai Super Kings,RA Jadeja,Royal Challengers Bangaluru,Chennai Super Kings,165,6,166,6,0,0,1
598013,2013-04-14,2013,Eden Gardens,Kolkata,Kolkata Knight Riders,bat,Kolkata Knight Riders,G Gambhir,Kolkata Knight Riders,Sunrisers Hyderabad,180,4,132,7,1,1,0
598014,2013-04-14,2013,Sawai Mansingh Stadium,Jaipur,Rajasthan Royals,field,Rajasthan Royals,JP Faulkner,Punjab Kings,Rajasthan Royals,124,10,126,4,0,0,1
598015,2013-04-15,2013,"MA Chidambaram Stadium, Chennai",Chennai,Pune Warriors,bat,Pune Warriors,SPD Smith,Pune Warriors,Chennai Super Kings,159,5,135,8,1,1,0
598016,2013-04-16,2013,Punjab Cricket Association Stadium,Chandigarh,Kolkata Knight Riders,field,Punjab Kings,MS Gony,Punjab Kings,Kolkata Knight Riders,157,9,153,9,1,1,0
598017,2013-04-16,2013,M Chinnaswamy Stadium,Bangalore,Royal Challengers Bangaluru,field,Unknown,V Kohli,Delhi Capitals,Royal Challengers Bangaluru,152,5,152,7,0,0,0
598018,2013-04-17,2013,"Maharashtra Cricket Association Stadium, Pune",Pune,Pune Warriors,field,Sunrisers Hyderabad,A Mishra,Sunrisers Hyderabad,Pune Warriors,119,8,108,10,1,1,0
598019,2013-04-17,2013,Sawai Mansingh Stadium,Jaipur,Rajasthan Royals,bat,Rajasthan Royals,AM Rahane,Rajasthan Royals,Mumbai Indians,179,3,92,10,1,1,0
598020,2013-04-18,2013,Arun Jaitley Stadium,Delhi,Chennai Super Kings,bat,Chennai Super Kings,MEK Hussey,Chennai Super Kings,Delhi Capitals,169,4,83,10,1,1,0
598021,2013-04-19,2013,"Rajiv Gandhi International Stadium, Hyderabad",Hyderabad,Punjab Kings,bat,Sunrisers Hyderabad,GH Vihari,Punjab Kings,Sunrisers Hyderabad,123,9,127,5,0,0,1
598022,2013-04-20,2013,Eden Gardens,Kolkata,Kolkata Knight Riders,bat,Chennai Super Kings,RA Jadeja,Kolkata Knight Riders,Chennai Super Kings,119,9,124,6,0,0,1
598023,2013-04-20,2013,M Chinnaswamy Stadium,Bangalore,Royal Challengers Bangaluru,field,Royal Challengers Bangaluru,R Vinay Kumar,Rajasthan Royals,Royal Challengers Bangaluru,117,10,123,3,0,0,1
598024,2013-04-21,2013,Arun Jaitley Stadium,Delhi,Mumbai Indians,bat,Delhi Capitals,V Sehwag,Mumbai Indians,Delhi Capitals,161,4,165,1,0,0,1
598025,2013-04-21,2013,Punjab Cricket Association Stadium,Chandigarh,Punjab Kings,field,Punjab Kings,DA Miller,Pune Warriors,Punjab Kings,185,4,186,3,0,0,1
598026,2013-04-22,2013,"MA Chidambaram Stadium, Chennai",Chennai,Rajasthan Royals,bat,Chennai Super Kings,MEK Hussey,Rajasthan Royals,Chennai Super Kings,185,4,186,5,0,0,1
598027,2013-04-23,2013,M Chinnaswamy Stadium,Bangalore,Pune Warriors,field,Royal Challengers Bangaluru,CH Gayle,Royal Challengers Bangaluru,Pune Warriors,263,5,133,9,1,1,0
598028,2013-05-16,2013,"Himachal Pradesh Cricket Association Stadium, Dharamsala",Dharamsala,Delhi Capitals,field,Punjab Kings,DA Miller,Punjab Kings,Delhi Capitals,171,4,164,7,1,1,0
598029,2013-04-24,2013,Eden Gardens,Kolkata,Kolkata Knight Riders,bat,Mumbai Indians,DR Smith,Kolkata Knight Riders,Mumbai Indians,159,6,162,5,0,0,1
598030,2013-04-25,2013,"MA Chidambaram Stadium, Chennai",Chennai,Sunrisers Hyderabad,bat,Chennai Super Kings,MS Dhoni,Sunrisers Hyderabad,Chennai Super Kings,159,6,160,5,0,0,1
598031,2013-04-26,2013,Eden Gardens,Kolkata,Punjab Kings,bat,Kolkata Knight Riders,JH Kallis,Punjab Kings,Kolkata Knight Riders,149,6,150,4,0,0,1
598032,2013-04-27,2013,Sawai Mansingh Stadium,Jaipur,Sunrisers Hyderabad,bat,Rajasthan Royals,JP Faulkner,Sunrisers Hyderabad,Rajasthan Royals,144,9,146,2,0,0,1
598033,2013-04-27,2013,Wankhede Stadium,Mumbai,Mumbai Indians,bat,Mumbai Indians,DR Smith,Mumbai Indians,Royal Challengers Bangaluru,194,7,136,7,1,1,0
598034,2013-04-28,2013,"MA Chidambaram Stadium, Chennai",Chennai,Kolkata Knight Riders,field,Chennai Super Kings,MEK Hussey,Chennai Super Kings,Kolkata Knight Riders,200,3,186,4,1,1,0
598035,2013-04-28,2013,"Shaheed Veer Narayan Singh International Stadium, Raipur",Raipur,Pune Warriors,field,Delhi Capitals,DA Warner,Delhi Capitals,Pune Warriors,164,5,149,4,1,1,0
598036,2013-04-29,2013,Sawai Mansingh Stadium,Jaipur,Rajasthan Royals,field,Rajasthan Royals,SV Samson,Royal Challengers Bangaluru,Rajasthan Royals,171,6,173,6,0,0,1
598037,2013-04-29,2013,Wankhede Stadium,Mumbai,Mumbai Indians,bat,Mumbai Indians,RG Sharma,Mumbai Indians,Punjab Kings,174,3,170,10,1,1,0
598038,2013-04-30,2013,Subrata Roy Sahara Stadium,Pune,Chennai Super Kings,bat,Chennai Super Kings,MS Dhoni,Chennai Super Kings,Pune Warriors,164,3,127,9,1,1,0
598039,2013-05-01,2013,"Rajiv Gandhi International Stadium, Hyderabad",Hyderabad,Mumbai Indians,bat,Sunrisers Hyderabad,I Sharma,Mumbai Indians,Sunrisers Hyderabad,129,4,130,3,0,0,1
598040,2013-05-01,2013,"Shaheed Veer Narayan Singh International Stadium, Raipur",Raipur,Kolkata Knight Riders,bat,Delhi Capitals,DA Warner,Kolkata Knight Riders,Delhi Capitals,136,7,137,3,0,0,1
598041,2013-05-02,2013,"MA Chidambaram Stadium, Chennai",Chennai,Chennai Super Kings,bat,Chennai Super Kings,SK Raina,Chennai Super Kings,Punjab Kings,186,4,171,6,1,1,0
598042,2013-05-02,2013,Subrata Roy Sahara Stadium,Pune,Royal Challengers Bangaluru,bat,Royal Challengers Bangaluru,AB de Villiers,Royal Challengers Bangaluru,Pune Warriors,187,3,170,9,1,1,0
598043,2013-05-03,2013,Eden Gardens,Kolkata,Rajasthan Royals,bat,Kolkata Knight Riders,YK Pathan,Rajasthan Royals,Kolkata Knight Riders,132,6,133,2,0,0,1
598044,2013-05-04,2013,"Rajiv Gandhi International Stadium, Hyderabad",Hyderabad,Delhi Capitals,bat,Sunrisers Hyderabad,DJG Sammy,Delhi Capitals,Sunrisers Hyderabad,80,10,81,4,0,0,1
598045,2013-05-14,2013,M Chinnaswamy Stadium,Bangalore,Punjab Kings,field,Punjab Kings,AC Gilchrist,Royal Challengers Bangaluru,Punjab Kings,174,5,176,3,0,0,1
598046,2013-05-05,2013,Wankhede Stadium,Mumbai,Mumbai Indians,bat,Mumbai Indians,MG Johnson,Mumbai Indians,Chennai Super Kings,139,5,79,10,1,1,0
598047,2013-05-05,2013,Sawai Mansingh Stadium,Jaipur,Pune Warriors,bat,Rajasthan Royals,AM Rahane,Pune Warriors,Rajasthan Royals,178,4,182,5,0,0,1
598048,2013-04-09,2013,M Chinnaswamy Stadium,Bangalore,Sunrisers Hyderabad,bat,Royal Challengers Bangaluru,V Kohli,Sunrisers Hyderabad,Royal Challengers Bangaluru,161,6,162,3,0,0,1
598049,2013-05-07,2013,Sawai Mansingh Stadium,Jaipur,Delhi Capitals,bat,Rajasthan Royals,AM Rahane,Delhi Capitals,Rajasthan Royals,154,4,155,1,0,0,1
598050,2013-05-07,2013,Wankhede Stadium,Mumbai,Mumbai Indians,bat,Mumbai Indians,SR Tendulkar,Mumbai Indians,Kolkata Knight Riders,170,6,105,10,1,1,0
598051,2013-05-08,2013,"Rajiv Gandhi International Stadium, Hyderabad",Hyderabad,Sunrisers Hyderabad,field,Chennai Super Kings,SK Raina,Chennai Super Kings,Sunrisers Hyderabad,223,3,146,8,1,1,0
598052,2013-05-09,2013,Punjab Cricket Association Stadium,Chandigarh,Rajasthan Royals,field,Rajasthan Royals,KK Cooper,Punjab Kings,Rajasthan Royals,145,6,147,2,0,0,1
598053,2013-05-09,2013,Subrata Roy Sahara Stadium,Pune,Kolkata Knight Riders,bat,Kolkata Knight Riders,G Gambhir,Kolkata Knight Riders,Pune Warriors,152,6,106,10,1,1,0
598054,2013-05-10,2013,Arun Jaitley Stadium,Delhi,Delhi Capitals,field,Royal Challengers Bangaluru,JD Unadkat,Royal Challengers Bangaluru,Delhi Capitals,183,4,179,7,1,1,0
598055,2013-05-11,2013,Subrata Roy Sahara Stadium,Pune,Pune Warriors,bat,Mumbai Indians,MG Johnson,Pune Warriors,Mumbai Indians,112,8,116,5,0,0,1
598056,2013-05-11,2013,Punjab Cricket Association Stadium,Chandigarh,Punjab Kings,field,Sunrisers Hyderabad,PA Patel,Sunrisers Hyderabad,Punjab Kings,150,7,120,9,1,1,0
598057,2013-05-12,2013,"JSCA International Stadium Complex, Ranchi",Ranchi,Kolkata Knight Riders,field,Kolkata Knight Riders,JH Kallis,Royal Challengers Bangaluru,Kolkata Knight Riders,115,9,116,5,0,0,1
598058,2013-05-12,2013,Sawai Mansingh Stadium,Jaipur,Rajasthan Royals,field,Rajasthan Royals,SR Watson,Chennai Super Kings,Rajasthan Royals,141,4,144,5,0,0,1
598059,2013-04-23,2013,Arun Jaitley Stadium,Delhi,Punjab Kings,field,Punjab Kings,Harmeet Singh,Delhi Capitals,Punjab Kings,120,7,121,5,0,0,1
598060,2013-05-13,2013,Wankhede Stadium,Mumbai,Sunrisers Hyderabad,bat,Mumbai Indians,KA Pollard,Sunrisers Hyderabad,Mumbai Indians,178,3,184,3,0,0,1
598061,2013-05-15,2013,"JSCA International Stadium Complex, Ranchi",Ranchi,Kolkata Knight Riders,field,Pune Warriors,MK Pandey,Pune Warriors,Kolkata Knight Riders,170,4,163,7,1,1,0
598062,2013-05-14,2013,"MA Chidambaram Stadium, Chennai",Chennai,Chennai Super Kings,bat,Chennai Super Kings,MS Dhoni,Chennai Super Kings,Delhi Capitals,168,4,135,9,1,1,0
598063,2013-05-15,2013,Wankhede Stadium,Mumbai,Rajasthan Royals,field,Mumbai Indians,AP Tare,Mumbai Indians,Rajasthan Royals,166,8,152,7,1,1,0
598064,2013-05-06,2013,Punjab Cricket Association Stadium,Chandigarh,Punjab Kings,field,Punjab Kings,DA Miller,Royal Challengers Bangaluru,Punjab Kings,190,3,194,4,0,0,1
598065,2013-05-17,2013,"Rajiv Gandhi International Stadium, Hyderabad",Hyderabad,Sunrisers Hyderabad,bat,Sunrisers Hyderabad,A Mishra,Sunrisers Hyderabad,Rajasthan Royals,136,9,113,9,1,1,0
598066,2013-05-18,2013,"Himachal Pradesh Cricket Association Stadium, Dharamsala",Dharamsala,Mumbai Indians,field,Punjab Kings,Azhar Mahmood,Punjab Kings,Mumbai Indians,183,8,133,9,1,1,0
598067,2013-05-19,2013,Subrata Roy Sahara Stadium,Pune,Pune Warriors,bat,Pune Warriors,LJ Wright,Pune Warriors,Delhi Capitals,172,5,134,9,1,1,0
598068,2013-05-18,2013,M Chinnaswamy Stadium,Bangalore,Chennai Super Kings,field,Royal Challengers Bangaluru,V Kohli,Royal Challengers Bangaluru,Chennai Super Kings,106,2,82,6,1,1,0
598069,2013-05-19,2013,"Rajiv Gandhi International Stadium, Hyderabad",Hyderabad,Kolkata Knight Riders,bat,Sunrisers Hyderabad,PA Patel,Kolkata Knight Riders,Sunrisers Hyderabad,130,7,132,5,0,0,1
598070,2013-05-21,2013,Arun Jaitley Stadium,Delhi,Chennai Super Kings,bat,Chennai Super Kings,MEK Hussey,Chennai Super Kings,Mumbai Indians,192,1,144,10,1,1,0
598071,2013-05-22,2013,Arun Jaitley Stadium,Delhi,Sunrisers Hyderabad,bat,Rajasthan Royals,BJ Hodge,Sunrisers Hyderabad,Rajasthan Royals,132,7,135,6,0,0,1
598072,2013-05-24,2013,Eden Gardens,Kolkata,Rajasthan Royals,bat,Mumbai Indians,Harbhajan Singh,Rajasthan Royals,Mumbai Indians,165,6,169,6,0,0,1
598073,2013-05-26,2013,Eden Gardens,Kolkata,Mumbai Indians,bat,Mumbai Indians,KA Pollard,Mumbai Indians,Chennai Super Kings,148,9,125,9,1,1,0
729279,2014-04-16,2014,Sheikh Zayed Stadium,Abu Dhabi,Kolkata Knight Riders,bat,Kolkata Knight Riders,JH Kallis,Kolkata Knight Riders,Mumbai Indians,163,5,122,7,1,1,0
729281,2014-04-17,2014,Sharjah Cricket Stadium,Unknown,Royal Challengers Bangaluru,field,Royal Challengers Bangaluru,YS Chahal,Delhi Capitals,Royal Challengers Bangaluru,145,4,146,2,0,0,1
729283,2014-04-18,2014,Sheikh Zayed Stadium,Abu Dhabi,Chennai Super Kings,bat,Punjab Kings,GJ Maxwell,Chennai Super Kings,Punjab Kings,205,4,206,4,0,0,1
729285,2014-04-18,2014,Sheikh Zayed Stadium,Abu Dhabi,Rajasthan Royals,field,Rajasthan Royals,AM Rahane,Sunrisers Hyderabad,Rajasthan Royals,133,6,135,6,0,0,1
729287,2014-04-19,2014,Dubai International Cricket Stadium,Unknown,Royal Challengers Bangaluru,field,Royal Challengers Bangaluru,PA Patel,Mumbai Indians,Royal Challengers Bangaluru,115,9,116,3,0,0,1
729289,2014-04-19,2014,Dubai International Cricket Stadium,Unknown,Kolkata Knight Riders,bat,Delhi Capitals,JP Duminy,Kolkata Knight Riders,Delhi Capitals,166,5,167,6,0,0,1
729291,2014-04-20,2014,Sharjah Cricket Stadium,Unknown,Punjab Kings,field,Punjab Kings,GJ Maxwell,Rajasthan Royals,Punjab Kings,191,5,193,3,0,0,1
729293,2014-04-21,2014,Sheikh Zayed Stadium,Abu Dhabi,Chennai Super Kings,bat,Chennai Super Kings,SK Raina,Chennai Super Kings,Delhi Capitals,177,7,84,9,1,1,0
729295,2014-04-22,2014,Sharjah Cricket Stadium,Unknown,Sunrisers Hyderabad,field,Punjab Kings,GJ Maxwell,Punjab Kings,Sunrisers Hyderabad,193,6,121,10,1,1,0
729297,2014-04-23,2014,Dubai International Cricket Stadium,Unknown,Rajasthan Royals,field,Chennai Super Kings,RA Jadeja,Chennai Super Kings,Rajasthan Royals,140,6,133,10,1,1,0
729299,2014-04-24,2014,Sharjah Cricket Stadium,Unknown,Royal Challengers Bangaluru,field,Kolkata Knight Riders,CA Lynn,Kolkata Knight Riders,Royal Challengers Bangaluru,150,7,148,5,1,1,0
729301,2014-04-25,2014,Dubai International Cricket Stadium,Unknown,Sunrisers Hyderabad,bat,Sunrisers Hyderabad,AJ Finch,Sunrisers Hyderabad,Delhi Capitals,184,1,180,4,1,1,0
729303,2014-04-25,2014,Dubai International Cricket Stadium,Unknown,Mumbai Indians,bat,Chennai Super Kings,MM Sharma,Mumbai Indians,Chennai Super Kings,141,7,142,3,0,0,1
729305,2014-04-26,2014,Sheikh Zayed Stadium,Abu Dhabi,Rajasthan Royals,field,Rajasthan Royals,PV Tambe,Royal Challengers Bangaluru,Rajasthan Royals,70,10,71,4,0,0,1
729307,2014-04-26,2014,Sheikh Zayed Stadium,Abu Dhabi,Kolkata Knight Riders,field,Punjab Kings,Sandeep Sharma,Punjab Kings,Kolkata Knight Riders,132,9,109,10,1,1,0
729309,2014-04-27,2014,Sharjah Cricket Stadium,Unknown,Mumbai Indians,bat,Delhi Capitals,M Vijay,Mumbai Indians,Delhi Capitals,125,6,126,4,0,0,1
729311,2014-04-27,2014,Sharjah Cricket Stadium,Unknown,Sunrisers Hyderabad,bat,Chennai Super Kings,DR Smith,Sunrisers Hyderabad,Chennai Super Kings,145,5,146,5,0,0,1
729313,2014-04-28,2014,Dubai International Cricket Stadium,Unknown,Punjab Kings,field,Punjab Kings,Sandeep Sharma,Royal Challengers Bangaluru,Punjab Kings,124,8,127,5,0,0,1
729315,2014-04-29,2014,Sheikh Zayed Stadium,Abu Dhabi,Rajasthan Royals,bat,Unknown,JP Faulkner,Rajasthan Royals,Kolkata Knight Riders,152,5,152,8,0,0,0
729317,2014-04-30,2014,Dubai International Cricket Stadium,Unknown,Mumbai Indians,field,Sunrisers Hyderabad,B Kumar,Sunrisers Hyderabad,Mumbai Indians,172,5,157,7,1,1,0
733971,2014-05-02,2014,"JSCA International Stadium Complex, Ranchi",Ranchi,Chennai Super Kings,bat,Chennai Super Kings,RA Jadeja,Chennai Super Kings,Kolkata Knight Riders,148,3,114,9,1,1,0
733973,2014-05-03,2014,Wankhede Stadium,Mumbai,Punjab Kings,bat,Mumbai Indians,CJ Anderson,Punjab Kings,Mumbai Indians,168,5,170,5,0,0,1
733975,2014-05-03,2014,Arun Jaitley Stadium,Delhi,Rajasthan Royals,field,Rajasthan Royals,KK Nair,Delhi Capitals,Rajasthan Royals,152,5,156,3,0,0,1
733977,2014-05-04,2014,M Chinnaswamy Stadium,Bangalore,Royal Challengers Bangaluru,field,Royal Challengers Bangaluru,AB de Villiers,Sunrisers Hyderabad,Royal Challengers Bangaluru,155,6,158,6,0,0,1
733979,2014-05-05,2014,Narendra Modi Stadium,Ahmedabad,Kolkata Knight Riders,field,Rajasthan Royals,PV Tambe,Rajasthan Royals,Kolkata Knight Riders,170,6,160,6,1,1,0
733981,2014-05-05,2014,Arun Jaitley Stadium,Delhi,Chennai Super Kings,field,Chennai Super Kings,DR Smith,Delhi Capitals,Chennai Super Kings,178,5,181,2,0,0,1
733983,2014-05-06,2014,Wankhede Stadium,Mumbai,Royal Challengers Bangaluru,field,Mumbai Indians,RG Sharma,Mumbai Indians,Royal Challengers Bangaluru,187,5,168,8,1,1,0
733985,2014-05-07,2014,Arun Jaitley Stadium,Delhi,Delhi Capitals,bat,Kolkata Knight Riders,G Gambhir,Delhi Capitals,Kolkata Knight Riders,160,5,161,2,0,0,1
733987,2014-05-07,2014,Barabati Stadium,Cuttack,Chennai Super Kings,field,Punjab Kings,GJ Maxwell,Punjab Kings,Chennai Super Kings,231,4,187,6,1,1,0
733989,2014-05-08,2014,Narendra Modi Stadium,Ahmedabad,Rajasthan Royals,field,Sunrisers Hyderabad,B Kumar,Sunrisers Hyderabad,Rajasthan Royals,134,9,102,10,1,1,0
733991,2014-05-09,2014,M Chinnaswamy Stadium,Bangalore,Royal Challengers Bangaluru,field,Punjab Kings,Sandeep Sharma,Punjab Kings,Royal Challengers Bangaluru,198,8,166,9,1,1,0
733993,2014-05-10,2014,Arun Jaitley Stadium,Delhi,Sunrisers Hyderabad,field,Sunrisers Hyderabad,DW Steyn,Delhi Capitals,Sunrisers Hyderabad,143,7,44,2,0,0,1
733995,2014-05-10,2014,Wankhede Stadium,Mumbai,Chennai Super Kings,field,Chennai Super Kings,DR Smith,Mumbai Indians,Chennai Super Kings,157,6,160,6,0,0,1
733997,2014-05-11,2014,Barabati Stadium,Cuttack,Kolkata Knight Riders,field,Kolkata Knight Riders,G Gambhir,Punjab Kings,Kolkata Knight Riders,149,8,150,1,0,0,1
733999,2014-05-11,2014,M Chinnaswamy Stadium,Bangalore,Royal Challengers Bangaluru,bat,Rajasthan Royals,JP Faulkner,Royal Challengers Bangaluru,Rajasthan Royals,190,5,191,5,0,0,1
734001,2014-05-12,2014,"Rajiv Gandhi International Stadium, Hyderabad",Hyderabad,Sunrisers Hyderabad,bat,Mumbai Indians,AT Rayudu,Sunrisers Hyderabad,Mumbai Indians,157,3,160,3,0,0,1
734003,2014-05-13,2014,"JSCA International Stadium Complex, Ranchi",Ranchi,Rajasthan Royals,bat,Chennai Super Kings,RA Jadeja,Rajasthan Royals,Chennai Super Kings,148,8,149,5,0,0,1
734005,2014-05-13,2014,M Chinnaswamy Stadium,Bangalore,Delhi Capitals,field,Royal Challengers Bangaluru,Yuvraj Singh,Royal Challengers Bangaluru,Delhi Capitals,186,4,170,7,1,1,0
734007,2014-05-14,2014,"Rajiv Gandhi International Stadium, Hyderabad",Hyderabad,Punjab Kings,field,Punjab Kings,WP Saha,Sunrisers Hyderabad,Punjab Kings,205,5,211,4,0,0,1
734009,2014-05-14,2014,Barabati Stadium,Cuttack,Kolkata Knight Riders,field,Kolkata Knight Riders,RV Uthappa,Mumbai Indians,Kolkata Knight Riders,141,5,142,4,0,0,1
734011,2014-05-15,2014,Narendra Modi Stadium,Ahmedabad,Delhi Capitals,field,Rajasthan Royals,AM Rahane,Rajasthan Royals,Delhi Capitals,201,6,139,9,1,1,0
734013,2014-05-18,2014,"JSCA International Stadium Complex, Ranchi",Ranchi,Chennai Super Kings,bat,Royal Challengers Bangaluru,AB de Villiers,Chennai Super Kings,Royal Challengers Bangaluru,138,4,142,5,0,0,1
734015,2014-05-18,2014,"Rajiv Gandhi International Stadium, Hyderabad",Hyderabad,Sunrisers Hyderabad,bat,Kolkata Knight Riders,UT Yadav,Sunrisers Hyderabad,Kolkata Knight Riders,142,8,146,3,0,0,1
734017,2014-05-19,2014,Narendra Modi Stadium,Ahmedabad,Mumbai Indians,bat,Mumbai Indians,MEK Hussey,Mumbai Indians,Rajasthan Royals,178,3,153,8,1,1,0
734019,2014-05-19,2014,Arun Jaitley Stadium,Delhi,Punjab Kings,field,Punjab Kings,AR Patel,Delhi Capitals,Punjab Kings,164,7,165,6,0,0,1
734021,2014-05-20,2014,"Rajiv Gandhi International Stadium, Hyderabad",Hyderabad,Royal Challengers Bangaluru,bat,Sunrisers Hyderabad,DA Warner,Royal Challengers Bangaluru,Sunrisers Hyderabad,160,6,161,3,0,0,1
734023,2014-05-20,2014,Eden Gardens,Kolkata,Kolkata Knight Riders,field,Kolkata Knight Riders,RV Uthappa,Chennai Super Kings,Kolkata Knight Riders,154,4,156,2,0,0,1
734025,2014-05-21,2014,Punjab Cricket Association Stadium,Chandigarh,Mumbai Indians,field,Mumbai Indians,LMP Simmons,Punjab Kings,Mumbai Indians,156,8,159,3,0,0,1
734027,2014-05-22,2014,Eden Gardens,Kolkata,Royal Challengers Bangaluru,field,Kolkata Knight Riders,RV Uthappa,Kolkata Knight Riders,Royal Challengers Bangaluru,195,4,165,5,1,1,0
734029,2014-05-22,2014,"JSCA International Stadium Complex, Ranchi",Ranchi,Sunrisers Hyderabad,field,Sunrisers Hyderabad,DA Warner,Chennai Super Kings,Sunrisers Hyderabad,185,3,189,4,0,0,1
734031,2014-05-23,2014,Wankhede Stadium,Mumbai,Delhi Capitals,field,Mumbai Indians,MEK Hussey,Mumbai Indians,Delhi Capitals,173,10,158,4,1,1,0
734033,2014-05-23,2014,Punjab Cricket Association Stadium,Chandigarh,Rajasthan Royals,field,Punjab Kings,SE Marsh,Punjab Kings,Rajasthan Royals,179,4,163,8,1,1,0
734035,2014-05-24,2014,M Chinnaswamy Stadium,Bangalore,Chennai Super Kings,field,Chennai Super Kings,MS Dhoni,Royal Challengers Bangaluru,Chennai Super Kings,154,6,160,2,0,0,1
734037,2014-05-24,2014,Eden Gardens,Kolkata,Kolkata Knight Riders,field,Kolkata Knight Riders,YK Pathan,Sunrisers Hyderabad,Kolkata Knight Riders,160,7,161,6,0,0,1
734039,2014-05-25,2014,Punjab Cricket Association Stadium,Chandigarh,Punjab Kings,field,Punjab Kings,M Vohra,Delhi Capitals,Punjab Kings,115,10,119,3,0,0,1
734041,2014-05-25,2014,Wankhede Stadium,Mumbai,Mumbai Indians,field,Mumbai Indians,CJ Anderson,Rajasthan Royals,Mumbai Indians,189,4,195,5,0,0,1
734043,2014-05-27,2014,Eden Gardens,Kolkata,Punjab Kings,field,Kolkata Knight Riders,UT Yadav,Kolkata Knight Riders,Punjab Kings,163,8,135,8,1,1,0
734045,2014-05-28,2014,Brabourne Stadium,Mumbai,Chennai Super Kings,field,Chennai Super Kings,SK Raina,Mumbai Indians,Chennai Super Kings,173,8,176,3,0,0,1
734047,2014-05-30,2014,Wankhede Stadium,Mumbai,Chennai Super Kings,field,Punjab Kings,V Sehwag,Punjab Kings,Chennai Super Kings,226,6,202,7,1,1,0
734049,2014-06-01,2014,M Chinnaswamy Stadium,Bangalore,Kolkata Knight Riders,field,Kolkata Knight Riders,MK Pandey,Punjab Kings,Kolkata Knight Riders,199,4,200,7,0,0,1
829705,2015-04-08,2015,Eden Gardens,Kolkata,Kolkata Knight Riders,field,Kolkata Knight Riders,M Morkel,Mumbai Indians,Kolkata Knight Riders,168,3,170,3,0,0,1
829707,2015-04-09,2015,"MA Chidambaram Stadium, Chennai",Chennai,Delhi Capitals,field,Chennai Super Kings,A Nehra,Chennai Super Kings,Delhi Capitals,150,7,149,9,1,1,0
829709,2015-04-10,2015,"Maharashtra Cricket Association Stadium, Pune",Pune,Punjab Kings,field,Rajasthan Royals,JP Faulkner,Rajasthan Royals,Punjab Kings,162,7,136,8,1,1,0
829711,2015-04-11,2015,"MA Chidambaram Stadium, Chennai",Chennai,Chennai Super Kings,bat,Chennai Super Kings,BB McCullum,Chennai Super Kings,Sunrisers Hyderabad,209,4,164,6,1,1,0
829713,2015-04-11,2015,Eden Gardens,Kolkata,Royal Challengers Bangaluru,field,Royal Challengers Bangaluru,CH Gayle,Kolkata Knight Riders,Royal Challengers Bangaluru,177,6,179,7,0,0,1
829715,2015-04-12,2015,Arun Jaitley Stadium,Delhi,Rajasthan Royals,field,Rajasthan Royals,DJ Hooda,Delhi Capitals,Rajasthan Royals,184,3,186,7,0,0,1
829717,2015-04-12,2015,Wankhede Stadium,Mumbai,Mumbai Indians,field,Punjab Kings,GJ Bailey,Punjab Kings,Mumbai Indians,177,5,159,7,1,1,0
829719,2015-04-13,2015,M Chinnaswamy Stadium,Bangalore,Sunrisers Hyderabad,field,Sunrisers Hyderabad,DA Warner,Royal Challengers Bangaluru,Sunrisers Hyderabad,166,10,172,2,0,0,1
829721,2015-04-14,2015,Narendra Modi Stadium,Ahmedabad,Mumbai Indians,bat,Rajasthan Royals,SPD Smith,Mumbai Indians,Rajasthan Royals,164,5,165,3,0,0,1
829723,2015-04-30,2015,Eden Gardens,Kolkata,Kolkata Knight Riders,field,Kolkata Knight Riders,AD Russell,Chennai Super Kings,Kolkata Knight Riders,165,9,169,3,0,0,1
829725,2015-04-15,2015,"Maharashtra Cricket Association Stadium, Pune",Pune,Punjab Kings,bat,Delhi Capitals,MA Agarwal,Punjab Kings,Delhi Capitals,165,7,169,5,0,0,1
829727,2015-04-16,2015,Dr YS Rajasekhara Reddy ACA-VDCA Cricket Stadium,Visakhapatnam,Rajasthan Royals,field,Rajasthan Royals,AM Rahane,Sunrisers Hyderabad,Rajasthan Royals,127,5,131,4,0,0,1
829729,2015-04-17,2015,Wankhede Stadium,Mumbai,Mumbai Indians,bat,Chennai Super Kings,A Nehra,Mumbai Indians,Chennai Super Kings,183,7,189,4,0,0,1
829731,2015-04-18,2015,Dr YS Rajasekhara Reddy ACA-VDCA Cricket Stadium,Visakhapatnam,Delhi Capitals,bat,Delhi Capitals,JP Duminy,Delhi Capitals,Sunrisers Hyderabad,167,4,163,8,1,1,0
829733,2015-04-18,2015,"Maharashtra Cricket Association Stadium, Pune",Pune,Kolkata Knight Riders,field,Kolkata Knight Riders,AD Russell,Punjab Kings,Kolkata Knight Riders,155,9,159,6,0,0,1
829735,2015-04-19,2015,Narendra Modi Stadium,Ahmedabad,Chennai Super Kings,bat,Rajasthan Royals,AM Rahane,Chennai Super Kings,Rajasthan Royals,156,4,157,2,0,0,1
829737,2015-04-19,2015,M Chinnaswamy Stadium,Bangalore,Royal Challengers Bangaluru,field,Mumbai Indians,Harbhajan Singh,Mumbai Indians,Royal Challengers Bangaluru,209,7,191,7,1,1,0
829739,2015-04-20,2015,Arun Jaitley Stadium,Delhi,Kolkata Knight Riders,field,Kolkata Knight Riders,UT Yadav,Delhi Capitals,Kolkata Knight Riders,146,8,147,4,0,0,1
829741,2015-04-21,2015,Narendra Modi Stadium,Ahmedabad,Punjab Kings,field,Unknown,SE Marsh,Rajasthan Royals,Punjab Kings,191,6,191,6,0,0,0
829743,2015-04-22,2015,Dr YS Rajasekhara Reddy ACA-VDCA Cricket Stadium,Visakhapatnam,Kolkata Knight Riders,field,Sunrisers Hyderabad,DA Warner,Sunrisers Hyderabad,Kolkata Knight Riders,176,4,101,4,1,1,0
829745,2015-04-22,2015,M Chinnaswamy Stadium,Bangalore,Royal Challengers Bangaluru,field,Chennai Super Kings,SK Raina,Chennai Super Kings,Royal Challengers Bangaluru,181,8,154,8,1,1,0
829747,2015-04-23,2015,Arun Jaitley Stadium,Delhi,Mumbai Indians,field,Delhi Capitals,SS Iyer,Delhi Capitals,Mumbai Indians,190,4,153,9,1,1,0
829749,2015-04-24,2015,Narendra Modi Stadium,Ahmedabad,Royal Challengers Bangaluru,field,Royal Challengers Bangaluru,MA Starc,Rajasthan Royals,Royal Challengers Bangaluru,130,9,134,1,0,0,1
829751,2015-04-25,2015,Wankhede Stadium,Mumbai,Mumbai Indians,bat,Mumbai Indians,SL Malinga,Mumbai Indians,Sunrisers Hyderabad,157,8,137,8,1,1,0
829753,2015-04-25,2015,"MA Chidambaram Stadium, Chennai",Chennai,Chennai Super Kings,bat,Chennai Super Kings,BB McCullum,Chennai Super Kings,Punjab Kings,192,3,95,9,1,1,0
829757,2015-04-26,2015,Arun Jaitley Stadium,Delhi,Royal Challengers Bangaluru,field,Royal Challengers Bangaluru,VR Aaron,Delhi Capitals,Royal Challengers Bangaluru,95,10,99,0,0,0,1
829759,2015-04-27,2015,Punjab Cricket Association Stadium,Chandigarh,Punjab Kings,field,Sunrisers Hyderabad,TA Boult,Sunrisers Hyderabad,Punjab Kings,150,6,130,9,1,1,0
829761,2015-05-07,2015,Eden Gardens,Kolkata,Kolkata Knight Riders,bat,Kolkata Knight Riders,PP Chawla,Kolkata Knight Riders,Delhi Capitals,171,7,158,6,1,1,0
829765,2015-04-28,2015,"MA Chidambaram Stadium, Chennai",Chennai,Kolkata Knight Riders,field,Chennai Super Kings,DJ Bravo,Chennai Super Kings,Kolkata Knight Riders,134,6,132,9,1,1,0
829767,2015-05-01,2015,Arun Jaitley Stadium,Delhi,Delhi Capitals,field,Delhi Capitals,NM Coulter-Nile,Punjab Kings,Delhi Capitals,118,8,119,1,0,0,1
829769,2015-05-01,2015,Wankhede Stadium,Mumbai,Rajasthan Royals,field,Mumbai Indians,AT Rayudu,Mumbai Indians,Rajasthan Royals,187,5,179,7,1,1,0
829771,2015-05-02,2015,M Chinnaswamy Stadium,Bangalore,Royal Challengers Bangaluru,field,Royal Challengers Bangaluru,Mandeep Singh,Kolkata Knight Riders,Royal Challengers Bangaluru,111,4,115,3,0,0,1
829773,2015-05-02,2015,"Rajiv Gandhi International Stadium, Hyderabad",Hyderabad,Chennai Super Kings,field,Sunrisers Hyderabad,DA Warner,Sunrisers Hyderabad,Chennai Super Kings,192,7,170,6,1,1,0
829775,2015-05-03,2015,Punjab Cricket Association Stadium,Chandigarh,Mumbai Indians,bat,Mumbai Indians,LMP Simmons,Mumbai Indians,Punjab Kings,172,3,149,7,1,1,0
829777,2015-05-03,2015,Brabourne Stadium,Mumbai,Delhi Capitals,field,Rajasthan Royals,AM Rahane,Rajasthan Royals,Delhi Capitals,189,2,175,7,1,1,0
829779,2015-05-04,2015,"MA Chidambaram Stadium, Chennai",Chennai,Chennai Super Kings,bat,Chennai Super Kings,SK Raina,Chennai Super Kings,Royal Challengers Bangaluru,148,9,124,10,1,1,0
829781,2015-05-04,2015,Eden Gardens,Kolkata,Sunrisers Hyderabad,field,Kolkata Knight Riders,UT Yadav,Kolkata Knight Riders,Sunrisers Hyderabad,167,7,132,9,1,1,0
829783,2015-05-05,2015,Wankhede Stadium,Mumbai,Delhi Capitals,bat,Mumbai Indians,Harbhajan Singh,Delhi Capitals,Mumbai Indians,152,6,153,5,0,0,1
829785,2015-05-06,2015,M Chinnaswamy Stadium,Bangalore,Punjab Kings,field,Royal Challengers Bangaluru,CH Gayle,Royal Challengers Bangaluru,Punjab Kings,226,3,88,10,1,1,0
829787,2015-05-07,2015,Brabourne Stadium,Mumbai,Rajasthan Royals,field,Sunrisers Hyderabad,EJG Morgan,Sunrisers Hyderabad,Rajasthan Royals,201,4,194,7,1,1,0
829789,2015-05-08,2015,"MA Chidambaram Stadium, Chennai",Chennai,Chennai Super Kings,bat,Mumbai Indians,HH Pandya,Chennai Super Kings,Mumbai Indians,158,5,159,4,0,0,1
829791,2015-05-09,2015,Eden Gardens,Kolkata,Punjab Kings,bat,Kolkata Knight Riders,AD Russell,Punjab Kings,Kolkata Knight Riders,183,5,184,9,0,0,1
829793,2015-05-09,2015,"Shaheed Veer Narayan Singh International Stadium, Raipur",Raipur,Sunrisers Hyderabad,bat,Sunrisers Hyderabad,MC Henriques,Sunrisers Hyderabad,Delhi Capitals,163,4,157,4,1,1,0
829795,2015-05-10,2015,Wankhede Stadium,Mumbai,Royal Challengers Bangaluru,bat,Royal Challengers Bangaluru,AB de Villiers,Royal Challengers Bangaluru,Mumbai Indians,235,1,196,7,1,1,0
829797,2015-05-10,2015,"MA Chidambaram Stadium, Chennai",Chennai,Chennai Super Kings,bat,Chennai Super Kings,RA Jadeja,Chennai Super Kings,Rajasthan Royals,157,5,145,9,1,1,0
829799,2015-05-11,2015,"Rajiv Gandhi International Stadium, Hyderabad",Hyderabad,Sunrisers Hyderabad,bat,Sunrisers Hyderabad,DA Warner,Sunrisers Hyderabad,Punjab Kings,185,5,180,7,1,1,0
829801,2015-05-12,2015,"Shaheed Veer Narayan Singh International Stadium, Raipur",Raipur,Chennai Super Kings,bat,Delhi Capitals,Z Khan,Chennai Super Kings,Delhi Capitals,119,6,120,4,0,0,1
829803,2015-05-13,2015,Punjab Cricket Association Stadium,Chandigarh,Royal Challengers Bangaluru,field,Punjab Kings,AR Patel,Punjab Kings,Royal Challengers Bangaluru,106,6,84,6,1,1,0
829805,2015-05-14,2015,Wankhede Stadium,Mumbai,Kolkata Knight Riders,field,Mumbai Indians,HH Pandya,Mumbai Indians,Kolkata Knight Riders,171,4,166,7,1,1,0
829807,2015-05-15,2015,"Rajiv Gandhi International Stadium, Hyderabad",Hyderabad,Sunrisers Hyderabad,bat,Royal Challengers Bangaluru,V Kohli,Sunrisers Hyderabad,Royal Challengers Bangaluru,135,3,83,4,0,0,1
829809,2015-05-16,2015,Punjab Cricket Association Stadium,Chandigarh,Punjab Kings,bat,Chennai Super Kings,P Negi,Punjab Kings,Chennai Super Kings,130,7,134,3,0,0,1
829811,2015-05-16,2015,Brabourne Stadium,Mumbai,Rajasthan Royals,bat,Rajasthan Royals,SR Watson,Rajasthan Royals,Kolkata Knight Riders,199,6,190,9,1,1,0
829813,2015-05-17,2015,M Chinnaswamy Stadium,Bangalore,Royal Challengers Bangaluru,field,Unknown,Unknown,Delhi Capitals,Royal Challengers Bangaluru,187,5,2,0,0,0,0
829815,2015-05-17,2015,"Rajiv Gandhi International Stadium, Hyderabad",Hyderabad,Sunrisers Hyderabad,bat,Mumbai Indians,MJ McClenaghan,Sunrisers Hyderabad,Mumbai Indians,113,10,114,1,0,0,1
829817,2015-05-19,2015,Wankhede Stadium,Mumbai,Mumbai Indians,bat,Mumbai Indians,KA Pollard,Mumbai Indians,Chennai Super Kings,187,6,162,10,1,1,0
829819,2015-05-20,2015,"Maharashtra Cricket Association Stadium, Pune",Pune,Royal Challengers Bangaluru,bat,Royal Challengers Bangaluru,AB de Villiers,Royal Challengers Bangaluru,Rajasthan Royals,180,4,109,10,1,1,0
829821,2015-05-22,2015,"JSCA International Stadium Complex, Ranchi",Ranchi,Chennai Super Kings,field,Chennai Super Kings,A Nehra,Royal Challengers Bangaluru,Chennai Super Kings,139,8,140,7,0,0,1
829823,2015-05-24,2015,Eden Gardens,Kolkata,Chennai Super Kings,field,Mumbai Indians,RG Sharma,Mumbai Indians,Chennai Super Kings,202,5,161,8,1,1,0
980901,2016-04-09,2016,Wankhede Stadium,Mumbai,Mumbai Indians,bat,Rising Pune Supergiants,AM Rahane,Mumbai Indians,Rising Pune Supergiants,121,8,126,1,0,0,1
980903,2016-04-10,2016,Eden Gardens,Kolkata,Kolkata Knight Riders,field,Kolkata Knight Riders,AD Russell,Delhi Capitals,Kolkata Knight Riders,98,10,99,1,0,0,1
980905,2016-04-11,2016,Punjab Cricket Association Stadium,Chandigarh,Gujarat Lions,field,Gujarat Lions,AJ Finch,Punjab Kings,Gujarat Lions,161,6,162,5,0,0,1
980907,2016-04-12,2016,M Chinnaswamy Stadium,Bangalore,Sunrisers Hyderabad,field,Royal Challengers Bangaluru,AB de Villiers,Royal Challengers Bangaluru,Sunrisers Hyderabad,227,4,182,6,1,1,0
980909,2016-04-13,2016,Eden Gardens,Kolkata,Mumbai Indians,field,Mumbai Indians,RG Sharma,Kolkata Knight Riders,Mumbai Indians,187,5,188,4,0,0,1
980911,2016-04-14,2016,Saurashtra Cricket Association Stadium,Rajkot,Rising Pune Supergiants,bat,Gujarat Lions,AJ Finch,Rising Pune Supergiants,Gujarat Lions,163,5,164,3,0,0,1
980913,2016-04-15,2016,Arun Jaitley Stadium,Delhi,Delhi Capitals,field,Delhi Capitals,A Mishra,Punjab Kings,Delhi Capitals,111,9,113,2,0,0,1
980915,2016-04-16,2016,"Rajiv Gandhi International Stadium, Hyderabad",Hyderabad,Sunrisers Hyderabad,bat,Kolkata Knight Riders,G Gambhir,Sunrisers Hyderabad,Kolkata Knight Riders,142,7,146,2,0,0,1
980917,2016-04-16,2016,Wankhede Stadium,Mumbai,Gujarat Lions,field,Gujarat Lions,AJ Finch,Mumbai Indians,Gujarat Lions,143,8,147,7,0,0,1
980919,2016-04-17,2016,Punjab Cricket Association Stadium,Chandigarh,Rising Pune Supergiants,bat,Punjab Kings,M Vohra,Rising Pune Supergiants,Punjab Kings,152,7,153,4,0,0,1
980921,2016-04-17,2016,M Chinnaswamy Stadium,Bangalore,Delhi Capitals,field,Delhi Capitals,Q de Kock,Royal Challengers Bangaluru,Delhi Capitals,191,5,192,3,0,0,1
980923,2016-04-18,2016,"Rajiv Gandhi International Stadium, Hyderabad",Hyderabad,Sunrisers Hyderabad,field,Sunrisers Hyderabad,DA Warner,Mumbai Indians,Sunrisers Hyderabad,142,6,145,3,0,0,1
980925,2016-04-19,2016,Punjab Cricket Association Stadium,Chandigarh,Kolkata Knight Riders,field,Kolkata Knight Riders,RV Uthappa,Punjab Kings,Kolkata Knight Riders,138,8,141,4,0,0,1
980927,2016-04-20,2016,Wankhede Stadium,Mumbai,Mumbai Indians,field,Mumbai Indians,RG Sharma,Royal Challengers Bangaluru,Mumbai Indians,170,7,171,4,0,0,1
980929,2016-04-21,2016,Saurashtra Cricket Association Stadium,Rajkot,Sunrisers Hyderabad,field,Sunrisers Hyderabad,B Kumar,Gujarat Lions,Sunrisers Hyderabad,135,8,137,0,0,0,1
980931,2016-04-22,2016,"Maharashtra Cricket Association Stadium, Pune",Pune,Rising Pune Supergiants,field,Royal Challengers Bangaluru,AB de Villiers,Royal Challengers Bangaluru,Rising Pune Supergiants,185,3,172,8,1,1,0
980933,2016-04-23,2016,Arun Jaitley Stadium,Delhi,Mumbai Indians,field,Delhi Capitals,SV Samson,Delhi Capitals,Mumbai Indians,164,4,154,7,1,1,0
980935,2016-04-23,2016,"Rajiv Gandhi International Stadium, Hyderabad",Hyderabad,Sunrisers Hyderabad,field,Sunrisers Hyderabad,Mustafizur Rahman,Punjab Kings,Sunrisers Hyderabad,143,6,146,5,0,0,1
980937,2016-04-24,2016,Saurashtra Cricket Association Stadium,Rajkot,Royal Challengers Bangaluru,bat,Gujarat Lions,V Kohli,Royal Challengers Bangaluru,Gujarat Lions,180,2,182,4,0,0,1
980939,2016-04-24,2016,"Maharashtra Cricket Association Stadium, Pune",Pune,Kolkata Knight Riders,field,Kolkata Knight Riders,SA Yadav,Rising Pune Supergiants,Kolkata Knight Riders,160,5,162,8,0,0,1
980941,2016-04-25,2016,Punjab Cricket Association Stadium,Chandigarh,Punjab Kings,field,Mumbai Indians,PA Patel,Mumbai Indians,Punjab Kings,189,6,164,7,1,1,0
980943,2016-04-26,2016,"Rajiv Gandhi International Stadium, Hyderabad",Hyderabad,Rising Pune Supergiants,field,Rising Pune Supergiants,AB Dinda,Sunrisers Hyderabad,Rising Pune Supergiants,118,8,94,3,0,0,1
980945,2016-04-27,2016,Arun Jaitley Stadium,Delhi,Delhi Capitals,field,Gujarat Lions,CH Morris,Gujarat Lions,Delhi Capitals,172,6,171,5,1,1,0
980947,2016-04-28,2016,Wankhede Stadium,Mumbai,Mumbai Indians,field,Mumbai Indians,RG Sharma,Kolkata Knight Riders,Mumbai Indians,174,5,178,4,0,0,1
980949,2016-04-29,2016,"Maharashtra Cricket Association Stadium, Pune",Pune,Gujarat Lions,field,Gujarat Lions,DR Smith,Rising Pune Supergiants,Gujarat Lions,195,3,196,7,0,0,1
980951,2016-04-30,2016,Arun Jaitley Stadium,Delhi,Kolkata Knight Riders,field,Delhi Capitals,CR Brathwaite,Delhi Capitals,Kolkata Knight Riders,186,8,159,10,1,1,0
980953,2016-04-30,2016,"Rajiv Gandhi International Stadium, Hyderabad",Hyderabad,Royal Challengers Bangaluru,field,Sunrisers Hyderabad,DA Warner,Sunrisers Hyderabad,Royal Challengers Bangaluru,194,5,179,6,1,1,0
980955,2016-05-01,2016,Saurashtra Cricket Association Stadium,Rajkot,Gujarat Lions,field,Punjab Kings,AR Patel,Punjab Kings,Gujarat Lions,154,10,131,9,1,1,0
980957,2016-05-01,2016,"Maharashtra Cricket Association Stadium, Pune",Pune,Mumbai Indians,field,Mumbai Indians,RG Sharma,Rising Pune Supergiants,Mumbai Indians,159,5,161,2,0,0,1
980959,2016-05-02,2016,M Chinnaswamy Stadium,Bangalore,Kolkata Knight Riders,field,Kolkata Knight Riders,AD Russell,Royal Challengers Bangaluru,Kolkata Knight Riders,185,7,189,5,0,0,1
980961,2016-05-03,2016,Saurashtra Cricket Association Stadium,Rajkot,Delhi Capitals,field,Delhi Capitals,RR Pant,Gujarat Lions,Delhi Capitals,149,7,150,2,0,0,1
980963,2016-05-04,2016,Eden Gardens,Kolkata,Punjab Kings,field,Kolkata Knight Riders,AD Russell,Kolkata Knight Riders,Punjab Kings,164,3,157,9,1,1,0
980965,2016-05-05,2016,Arun Jaitley Stadium,Delhi,Rising Pune Supergiants,field,Rising Pune Supergiants,AM Rahane,Delhi Capitals,Rising Pune Supergiants,162,7,166,3,0,0,1
980967,2016-05-06,2016,"Rajiv Gandhi International Stadium, Hyderabad",Hyderabad,Sunrisers Hyderabad,field,Sunrisers Hyderabad,B Kumar,Gujarat Lions,Sunrisers Hyderabad,126,6,129,5,0,0,1
980969,2016-05-07,2016,M Chinnaswamy Stadium,Bangalore,Royal Challengers Bangaluru,field,Royal Challengers Bangaluru,V Kohli,Rising Pune Supergiants,Royal Challengers Bangaluru,191,6,195,3,0,0,1
980971,2016-05-07,2016,Punjab Cricket Association Stadium,Chandigarh,Delhi Capitals,field,Punjab Kings,MP Stoinis,Punjab Kings,Delhi Capitals,181,5,172,5,1,1,0
980973,2016-05-08,2016,Dr YS Rajasekhara Reddy ACA-VDCA Cricket Stadium,Visakhapatnam,Mumbai Indians,field,Sunrisers Hyderabad,A Nehra,Sunrisers Hyderabad,Mumbai Indians,177,3,92,10,1,1,0
980975,2016-05-08,2016,Eden Gardens,Kolkata,Gujarat Lions,field,Gujarat Lions,P Kumar,Kolkata Knight Riders,Gujarat Lions,158,4,164,5,0,0,1
980977,2016-05-09,2016,Punjab Cricket Association Stadium,Chandigarh,Punjab Kings,field,Royal Challengers Bangaluru,SR Watson,Royal Challengers Bangaluru,Punjab Kings,175,6,174,4,1,1,0
980979,2016-05-10,2016,Dr YS Rajasekhara Reddy ACA-VDCA Cricket Stadium,Visakhapatnam,Sunrisers Hyderabad,bat,Sunrisers Hyderabad,A Zampa,Sunrisers Hyderabad,Rising Pune Supergiants,137,8,133,8,1,1,0
980981,2016-05-11,2016,M Chinnaswamy Stadium,Bangalore,Mumbai Indians,field,Mumbai Indians,KH Pandya,Royal Challengers Bangaluru,Mumbai Indians,151,4,153,4,0,0,1
980983,2016-05-12,2016,"Rajiv Gandhi International Stadium, Hyderabad",Hyderabad,Delhi Capitals,field,Delhi Capitals,CH Morris,Sunrisers Hyderabad,Delhi Capitals,146,8,150,3,0,0,1
980985,2016-05-13,2016,Dr YS Rajasekhara Reddy ACA-VDCA Cricket Stadium,Visakhapatnam,Mumbai Indians,bat,Punjab Kings,MP Stoinis,Mumbai Indians,Punjab Kings,124,9,127,3,0,0,1
980987,2016-05-14,2016,M Chinnaswamy Stadium,Bangalore,Gujarat Lions,field,Royal Challengers Bangaluru,AB de Villiers,Royal Challengers Bangaluru,Gujarat Lions,248,3,104,10,1,1,0
980989,2016-05-14,2016,Eden Gardens,Kolkata,Rising Pune Supergiants,bat,Kolkata Knight Riders,YK Pathan,Rising Pune Supergiants,Kolkata Knight Riders,103,6,66,2,0,0,1
980991,2016-05-15,2016,Punjab Cricket Association Stadium,Chandigarh,Punjab Kings,bat,Sunrisers Hyderabad,HM Amla,Punjab Kings,Sunrisers Hyderabad,179,4,180,3,0,0,1
980993,2016-05-15,2016,Dr YS Rajasekhara Reddy ACA-VDCA Cricket Stadium,Visakhapatnam,Delhi Capitals,field,Mumbai Indians,KH Pandya,Mumbai Indians,Delhi Capitals,206,4,126,10,1,1,0
980995,2016-05-16,2016,Eden Gardens,Kolkata,Royal Challengers Bangaluru,field,Royal Challengers Bangaluru,V Kohli,Kolkata Knight Riders,Royal Challengers Bangaluru,183,5,186,1,0,0,1
980997,2016-05-17,2016,Dr YS Rajasekhara Reddy ACA-VDCA Cricket Stadium,Visakhapatnam,Rising Pune Supergiants,field,Rising Pune Supergiants,AB Dinda,Delhi Capitals,Rising Pune Supergiants,121,6,76,1,0,0,1
980999,2016-05-18,2016,M Chinnaswamy Stadium,Bangalore,Punjab Kings,field,Royal Challengers Bangaluru,V Kohli,Royal Challengers Bangaluru,Punjab Kings,211,3,120,9,1,1,0
981001,2016-05-19,2016,Green Park,Kanpur,Gujarat Lions,field,Gujarat Lions,DR Smith,Kolkata Knight Riders,Gujarat Lions,124,8,125,4,0,0,1
981003,2016-05-20,2016,"Shaheed Veer Narayan Singh International Stadium, Raipur",Raipur,Delhi Capitals,field,Delhi Capitals,KK Nair,Sunrisers Hyderabad,Delhi Capitals,158,7,161,4,0,0,1
981005,2016-05-21,2016,Dr YS Rajasekhara Reddy ACA-VDCA Cricket Stadium,Visakhapatnam,Punjab Kings,bat,Rising Pune Supergiants,MS Dhoni,Punjab Kings,Rising Pune Supergiants,172,7,173,6,0,0,1
981007,2016-05-21,2016,Green Park,Kanpur,Gujarat Lions,field,Gujarat Lions,SK Raina,Mumbai Indians,Gujarat Lions,172,8,173,4,0,0,1
981009,2016-05-22,2016,Eden Gardens,Kolkata,Sunrisers Hyderabad,field,Kolkata Knight Riders,YK Pathan,Kolkata Knight Riders,Sunrisers Hyderabad,171,6,149,8,1,1,0
981011,2016-05-22,2016,"Shaheed Veer Narayan Singh International Stadium, Raipur",Raipur,Royal Challengers Bangaluru,field,Royal Challengers Bangaluru,V Kohli,Delhi Capitals,Royal Challengers Bangaluru,138,8,139,4,0,0,1
981013,2016-05-24,2016,M Chinnaswamy Stadium,Bangalore,Royal Challengers Bangaluru,field,Royal Challengers Bangaluru,AB de Villiers,Gujarat Lions,Royal Challengers Bangaluru,158,10,159,6,0,0,1
981015,2016-05-25,2016,Arun Jaitley Stadium,Delhi,Kolkata Knight Riders,field,Sunrisers Hyderabad,MC Henriques,Sunrisers Hyderabad,Kolkata Knight Riders,162,8,140,8,1,1,0
981017,2016-05-27,2016,Arun Jaitley Stadium,Delhi,Sunrisers Hyderabad,field,Sunrisers Hyderabad,DA Warner,Gujarat Lions,Sunrisers Hyderabad,162,7,163,6,0,0,1
981019,2016-05-29,2016,M Chinnaswamy Stadium,Bangalore,Sunrisers Hyderabad,bat,Sunrisers Hyderabad,BCJ Cutting,Sunrisers Hyderabad,Royal Challengers Bangaluru,208,7,200,7,1,1,0
1082591,2017-04-05,2017,"Rajiv Gandhi International Stadium, Hyderabad",Hyderabad,Royal Challengers Bangaluru,field,Sunrisers Hyderabad,Yuvraj Singh,Sunrisers Hyderabad,Royal Challengers Bangaluru,207,4,172,10,1,1,0
1082592,2017-04-06,2017,"Maharashtra Cricket Association Stadium, Pune",Pune,Rising Pune Supergiants,field,Rising Pune Supergiants,SPD Smith,Mumbai Indians,Rising Pune Supergiants,184,8,187,3,0,0,1
1082593,2017-04-07,2017,Saurashtra Cricket Association Stadium,Rajkot,Kolkata Knight Riders,field,Kolkata Knight Riders,CA Lynn,Gujarat Lions,Kolkata Knight Riders,183,4,184,0,0,0,1
1082594,2017-04-08,2017,Holkar Cricket Stadium,Indore,Punjab Kings,field,Punjab Kings,GJ Maxwell,Rising Pune Supergiants,Punjab Kings,163,6,164,4,0,0,1
1082595,2017-04-08,2017,M Chinnaswamy Stadium,Bengaluru,Royal Challengers Bangaluru,bat,Royal Challengers Bangaluru,KM Jadhav,Royal Challengers Bangaluru,Delhi Capitals,157,8,142,9,1,1,0
1082596,2017-04-09,2017,"Rajiv Gandhi International Stadium, Hyderabad",Hyderabad,Sunrisers Hyderabad,field,Sunrisers Hyderabad,Rashid Khan,Gujarat Lions,Sunrisers Hyderabad,135,7,140,1,0,0,1
1082597,2017-04-09,2017,Wankhede Stadium,Mumbai,Mumbai Indians,field,Mumbai Indians,N Rana,Kolkata Knight Riders,Mumbai Indians,178,7,180,6,0,0,1
1082598,2017-04-10,2017,Holkar Cricket Stadium,Indore,Royal Challengers Bangaluru,bat,Punjab Kings,AR Patel,Royal Challengers Bangaluru,Punjab Kings,148,4,150,2,0,0,1
1082599,2017-04-11,2017,"Maharashtra Cricket Association Stadium, Pune",Pune,Rising Pune Supergiants,field,Delhi Capitals,SV Samson,Delhi Capitals,Rising Pune Supergiants,205,4,108,10,1,1,0
1082600,2017-04-12,2017,Wankhede Stadium,Mumbai,Mumbai Indians,field,Mumbai Indians,JJ Bumrah,Sunrisers Hyderabad,Mumbai Indians,158,8,159,6,0,0,1
1082601,2017-04-13,2017,Eden Gardens,Kolkata,Kolkata Knight Riders,field,Kolkata Knight Riders,SP Narine,Punjab Kings,Kolkata Knight Riders,170,9,171,2,0,0,1
1082602,2017-04-14,2017,M Chinnaswamy Stadium,Bangalore,Mumbai Indians,field,Mumbai Indians,KA Pollard,Royal Challengers Bangaluru,Mumbai Indians,142,5,145,6,0,0,1
1082603,2017-04-14,2017,Saurashtra Cricket Association Stadium,Rajkot,Gujarat Lions,field,Gujarat Lions,AJ Tye,Rising Pune Supergiants,Gujarat Lions,171,8,172,3,0,0,1
1082604,2017-04-15,2017,Eden Gardens,Kolkata,Sunrisers Hyderabad,field,Kolkata Knight Riders,RV Uthappa,Kolkata Knight Riders,Sunrisers Hyderabad,172,6,155,6,1,1,0
1082605,2017-04-15,2017,Arun Jaitley Stadium,Delhi,Delhi Capitals,bat,Delhi Capitals,CJ Anderson,Delhi Capitals,Punjab Kings,188,6,137,9,1,1,0
1082606,2017-04-16,2017,Wankhede Stadium,Mumbai,Mumbai Indians,field,Mumbai Indians,N Rana,Gujarat Lions,Mumbai Indians,176,4,177,4,0,0,1
1082607,2017-04-16,2017,M Chinnaswamy Stadium,Bangalore,Royal Challengers Bangaluru,field,Rising Pune Supergiants,BA Stokes,Rising Pune Supergiants,Royal Challengers Bangaluru,161,8,134,9,1,1,0
1082608,2017-04-17,2017,Arun Jaitley Stadium,Delhi,Delhi Capitals,bat,Kolkata Knight Riders,NM Coulter-Nile,Delhi Capitals,Kolkata Knight Riders,168,7,169,6,0,0,1
1082609,2017-04-17,2017,"Rajiv Gandhi International Stadium, Hyderabad",Hyderabad,Punjab Kings,field,Sunrisers Hyderabad,B Kumar,Sunrisers Hyderabad,Punjab Kings,159,6,154,10,1,1,0
1082610,2017-04-18,2017,Saurashtra Cricket Association Stadium,Rajkot,Gujarat Lions,field,Royal Challengers Bangaluru,CH Gayle,Royal Challengers Bangaluru,Gujarat Lions,213,2,192,7,1,1,0
1082611,2017-04-19,2017,"Rajiv Gandhi International Stadium, Hyderabad",Hyderabad,Sunrisers Hyderabad,bat,Sunrisers Hyderabad,KS Williamson,Sunrisers Hyderabad,Delhi Capitals,191,4,176,5,1,1,0
1082612,2017-04-20,2017,Holkar Cricket Stadium,Indore,Mumbai Indians,field,Mumbai Indians,JC Buttler,Punjab Kings,Mumbai Indians,198,4,199,2,0,0,1
1082613,2017-04-21,2017,Eden Gardens,Kolkata,Gujarat Lions,field,Gujarat Lions,SK Raina,Kolkata Knight Riders,Gujarat Lions,187,5,188,6,0,0,1
1082614,2017-04-22,2017,Wankhede Stadium,Mumbai,Delhi Capitals,field,Mumbai Indians,MJ McClenaghan,Mumbai Indians,Delhi Capitals,142,8,128,7,1,1,0
1082615,2017-04-22,2017,"Maharashtra Cricket Association Stadium, Pune",Pune,Rising Pune Supergiants,field,Rising Pune Supergiants,MS Dhoni,Sunrisers Hyderabad,Rising Pune Supergiants,176,3,179,4,0,0,1
1082616,2017-04-23,2017,Saurashtra Cricket Association Stadium,Rajkot,Gujarat Lions,field,Punjab Kings,HM Amla,Punjab Kings,Gujarat Lions,188,7,162,7,1,1,0
1082617,2017-04-23,2017,Eden Gardens,Kolkata,Royal Challengers Bangaluru,field,Kolkata Knight Riders,NM Coulter-Nile,Kolkata Knight Riders,Royal Challengers Bangaluru,131,10,49,10,1,1,0
1082618,2017-04-24,2017,Wankhede Stadium,Mumbai,Mumbai Indians,field,Rising Pune Supergiants,BA Stokes,Rising Pune Supergiants,Mumbai Indians,160,6,157,8,1,1,0
1082620,2017-04-26,2017,"Maharashtra Cricket Association Stadium, Pune",Pune,Kolkata Knight Riders,field,Kolkata Knight Riders,RV Uthappa,Rising Pune Supergiants,Kolkata Knight Riders,182,5,184,3,0,0,1
1082621,2017-04-27,2017,M Chinnaswamy Stadium,Bangalore,Gujarat Lions,field,Gujarat Lions,AJ Tye,Royal Challengers Bangaluru,Gujarat Lions,134,10,135,3,0,0,1
1082622,2017-04-28,2017,Eden Gardens,Kolkata,Kolkata Knight Riders,field,Kolkata Knight Riders,G Gambhir,Delhi Capitals,Kolkata Knight Riders,160,6,161,3,0,0,1
1082623,2017-04-28,2017,Punjab Cricket Association Stadium,Chandigarh,Punjab Kings,field,Sunrisers Hyderabad,Rashid Khan,Sunrisers Hyderabad,Punjab Kings,207,3,181,9,1,1,0
1082624,2017-04-29,2017,"Maharashtra Cricket Association Stadium, Pune",Pune,Royal Challengers Bangaluru,field,Rising Pune Supergiants,LH Ferguson,Rising Pune Supergiants,Royal Challengers Bangaluru,157,3,96,9,1,1,0
1082625,2017-04-29,2017,Saurashtra Cricket Association Stadium,Rajkot,Gujarat Lions,bat,Unknown,KH Pandya,Gujarat Lions,Mumbai Indians,153,9,153,10,0,0,0
1082626,2017-04-30,2017,Punjab Cricket Association Stadium,Chandigarh,Punjab Kings,field,Punjab Kings,Sandeep Sharma,Delhi Capitals,Punjab Kings,67,10,68,0,0,0,1
1082627,2017-04-30,2017,"Rajiv Gandhi International Stadium, Hyderabad",Hyderabad,Kolkata Knight Riders,field,Sunrisers Hyderabad,DA Warner,Sunrisers Hyderabad,Kolkata Knight Riders,209,3,161,7,1,1,0
1082628,2017-05-01,2017,Wankhede Stadium,Mumbai,Royal Challengers Bangaluru,bat,Mumbai Indians,RG Sharma,Royal Challengers Bangaluru,Mumbai Indians,162,8,165,5,0,0,1
1082629,2017-05-01,2017,"Maharashtra Cricket Association Stadium, Pune",Pune,Rising Pune Supergiants,field,Rising Pune Supergiants,BA Stokes,Gujarat Lions,Rising Pune Supergiants,161,10,167,5,0,0,1
1082630,2017-05-02,2017,Arun Jaitley Stadium,Delhi,Delhi Capitals,field,Delhi Capitals,Mohammed Shami,Sunrisers Hyderabad,Delhi Capitals,185,3,189,4,0,0,1
1082631,2017-05-03,2017,Eden Gardens,Kolkata,Rising Pune Supergiants,field,Rising Pune Supergiants,RA Tripathi,Kolkata Knight Riders,Rising Pune Supergiants,155,8,158,6,0,0,1
1082632,2017-05-04,2017,Arun Jaitley Stadium,Delhi,Delhi Capitals,field,Delhi Capitals,RR Pant,Gujarat Lions,Delhi Capitals,208,7,214,3,0,0,1
1082633,2017-05-05,2017,M Chinnaswamy Stadium,Bangalore,Royal Challengers Bangaluru,field,Punjab Kings,Sandeep Sharma,Punjab Kings,Royal Challengers Bangaluru,138,7,119,10,1,1,0
1082634,2017-05-06,2017,"Rajiv Gandhi International Stadium, Hyderabad",Hyderabad,Sunrisers Hyderabad,field,Rising Pune Supergiants,JD Unadkat,Rising Pune Supergiants,Sunrisers Hyderabad,148,8,136,9,1,1,0
1082635,2017-05-06,2017,Arun Jaitley Stadium,Delhi,Delhi Capitals,field,Mumbai Indians,LMP Simmons,Mumbai Indians,Delhi Capitals,212,3,66,10,1,1,0
1082636,2017-05-07,2017,M Chinnaswamy Stadium,Bangalore,Kolkata Knight Riders,field,Kolkata Knight Riders,SP Narine,Royal Challengers Bangaluru,Kolkata Knight Riders,158,6,159,4,0,0,1
1082637,2017-05-07,2017,Punjab Cricket Association Stadium,Chandigarh,Gujarat Lions,field,Gujarat Lions,DR Smith,Punjab Kings,Gujarat Lions,189,3,192,4,0,0,1
1082638,2017-05-08,2017,"Rajiv Gandhi International Stadium, Hyderabad",Hyderabad,Mumbai Indians,bat,Sunrisers Hyderabad,S Dhawan,Mumbai Indians,Sunrisers Hyderabad,138,7,140,3,0,0,1
1082639,2017-05-09,2017,Punjab Cricket Association Stadium,Chandigarh,Kolkata Knight Riders,field,Punjab Kings,MM Sharma,Punjab Kings,Kolkata Knight Riders,167,6,153,6,1,1,0
1082640,2017-05-10,2017,Green Park,Kanpur,Delhi Capitals,field,Delhi Capitals,SS Iyer,Gujarat Lions,Delhi Capitals,195,5,197,8,0,0,1
1082641,2017-05-11,2017,Wankhede Stadium,Mumbai,Mumbai Indians,field,Punjab Kings,WP Saha,Punjab Kings,Mumbai Indians,230,3,223,6,1,1,0
1082642,2017-05-12,2017,Arun Jaitley Stadium,Delhi,Delhi Capitals,bat,Delhi Capitals,KK Nair,Delhi Capitals,Rising Pune Supergiants,168,8,161,7,1,1,0
1082643,2017-05-13,2017,Green Park,Kanpur,Sunrisers Hyderabad,field,Sunrisers Hyderabad,Mohammed Siraj,Gujarat Lions,Sunrisers Hyderabad,154,10,158,2,0,0,1
1082644,2017-05-13,2017,Eden Gardens,Kolkata,Kolkata Knight Riders,field,Mumbai Indians,AT Rayudu,Mumbai Indians,Kolkata Knight Riders,173,5,164,8,1,1,0
1082645,2017-05-14,2017,"Maharashtra Cricket Association Stadium, Pune",Pune,Rising Pune Supergiants,field,Rising Pune Supergiants,JD Unadkat,Punjab Kings,Rising Pune Supergiants,73,10,78,1,0,0,1
1082646,2017-05-14,2017,Arun Jaitley Stadium,Delhi,Royal Challengers Bangaluru,bat,Royal Challengers Bangaluru,HV Patel,Royal Challengers Bangaluru,Delhi Capitals,161,6,151,10,1,1,0
1082647,2017-05-16,2017,Wankhede Stadium,Mumbai,Mumbai Indians,field,Rising Pune Supergiants,Washington Sundar,Rising Pune Supergiants,Mumbai Indians,162,4,142,9,1,1,0
1082648,2017-05-17,2017,M Chinnaswamy Stadium,Bangalore,Kolkata Knight Riders,field,Kolkata Knight Riders,NM Coulter-Nile,Sunrisers Hyderabad,Kolkata Knight Riders,128,7,48,3,0,0,1
1082649,2017-05-19,2017,M Chinnaswamy Stadium,Bangalore,Mumbai Indians,field,Mumbai Indians,KV Sharma,Kolkata Knight Riders,Mumbai Indians,107,10,111,4,0,0,1
1082650,2017-05-21,2017,"Rajiv Gandhi International Stadium, Hyderabad",Hyderabad,Mumbai Indians,bat,Mumbai Indians,KH Pandya,Mumbai Indians,Rising Pune Supergiants,129,8,128,6,1,1,0
1136561,2018-04-07,2018,Wankhede Stadium,Mumbai,Chennai Super Kings,field,Chennai Super Kings,DJ Bravo,Mumbai Indians,Chennai Super Kings,165,4,169,9,0,0,1
1136562,2018-04-08,2018,Punjab Cricket Association Stadium,Chandigarh,Punjab Kings,field,Punjab Kings,KL Rahul,Delhi Capitals,Punjab Kings,166,7,167,4,0,0,1
1136563,2018-04-08,2018,Eden Gardens,Kolkata,Kolkata Knight Riders,field,Kolkata Knight Riders,SP Narine,Royal Challengers Bangaluru,Kolkata Knight Riders,176,7,177,6,0,0,1
1136564,2018-04-09,2018,"Rajiv Gandhi International Stadium, Hyderabad",Hyderabad,Sunrisers Hyderabad,field,Sunrisers Hyderabad,S Dhawan,Rajasthan Royals,Sunrisers Hyderabad,125,9,127,1,0,0,1
1136565,2018-04-10,2018,"MA Chidambaram Stadium, Chennai",Chennai,Chennai Super Kings,field,Chennai Super Kings,SW Billings,Kolkata Knight Riders,Chennai Super Kings,202,6,205,5,0,0,1
1136566,2018-04-11,2018,Sawai Mansingh Stadium,Jaipur,Delhi Capitals,field,Rajasthan Royals,SV Samson,Rajasthan Royals,Delhi Capitals,153,5,60,4,1,1,0
1136567,2018-04-12,2018,"Rajiv Gandhi International Stadium, Hyderabad",Hyderabad,Sunrisers Hyderabad,field,Sunrisers Hyderabad,Rashid Khan,Mumbai Indians,Sunrisers Hyderabad,147,8,151,9,0,0,1
1136568,2018-04-13,2018,M Chinnaswamy Stadium,Bengaluru,Royal Challengers Bangaluru,field,Royal Challengers Bangaluru,UT Yadav,Punjab Kings,Royal Challengers Bangaluru,155,10,159,6,0,0,1
1136569,2018-04-14,2018,Wankhede Stadium,Mumbai,Delhi Capitals,field,Delhi Capitals,JJ Roy,Mumbai Indians,Delhi Capitals,194,7,195,3,0,0,1
1136570,2018-04-14,2018,Eden Gardens,Kolkata,Sunrisers Hyderabad,field,Sunrisers Hyderabad,B Stanlake,Kolkata Knight Riders,Sunrisers Hyderabad,138,8,139,5,0,0,1
1136571,2018-04-15,2018,M Chinnaswamy Stadium,Bengaluru,Royal Challengers Bangaluru,field,Rajasthan Royals,SV Samson,Rajasthan Royals,Royal Challengers Bangaluru,217,4,198,6,1,1,0
1136572,2018-04-15,2018,Punjab Cricket Association Stadium,Chandigarh,Chennai Super Kings,field,Punjab Kings,CH Gayle,Punjab Kings,Chennai Super Kings,197,7,193,5,1,1,0
1136573,2018-04-16,2018,Eden Gardens,Kolkata,Delhi Capitals,field,Kolkata Knight Riders,N Rana,Kolkata Knight Riders,Delhi Capitals,200,9,129,10,1,1,0
1136574,2018-04-17,2018,Wankhede Stadium,Mumbai,Royal Challengers Bangaluru,field,Mumbai Indians,RG Sharma,Mumbai Indians,Royal Challengers Bangaluru,213,6,167,8,1,1,0
1136575,2018-04-18,2018,Sawai Mansingh Stadium,Jaipur,Kolkata Knight Riders,field,Kolkata Knight Riders,N Rana,Rajasthan Royals,Kolkata Knight Riders,160,8,163,3,0,0,1
1136576,2018-04-19,2018,Punjab Cricket Association Stadium,Chandigarh,Punjab Kings,bat,Punjab Kings,CH Gayle,Punjab Kings,Sunrisers Hyderabad,193,3,178,4,1,1,0
1136577,2018-04-20,2018,"Maharashtra Cricket Association Stadium, Pune",Pune,Rajasthan Royals,field,Chennai Super Kings,SR Watson,Chennai Super Kings,Rajasthan Royals,204,5,140,10,1,1,0
1136578,2018-04-21,2018,Eden Gardens,Kolkata,Punjab Kings,field,Punjab Kings,KL Rahul,Kolkata Knight Riders,Punjab Kings,191,7,126,1,0,0,1
1136579,2018-04-21,2018,M Chinnaswamy Stadium,Bengaluru,Royal Challengers Bangaluru,field,Royal Challengers Bangaluru,AB de Villiers,Delhi Capitals,Royal Challengers Bangaluru,174,5,176,4,0,0,1
1136580,2018-04-22,2018,"Rajiv Gandhi International Stadium, Hyderabad",Hyderabad,Sunrisers Hyderabad,field,Chennai Super Kings,AT Rayudu,Chennai Super Kings,Sunrisers Hyderabad,182,3,178,6,1,1,0
1136581,2018-04-22,2018,Sawai Mansingh Stadium,Jaipur,Mumbai Indians,bat,Rajasthan Royals,JC Archer,Mumbai Indians,Rajasthan Royals,167,7,168,7,0,0,1
1136582,2018-04-23,2018,Arun Jaitley Stadium,Delhi,Delhi Capitals,field,Punjab Kings,AS Rajpoot,Punjab Kings,Delhi Capitals,143,8,139,8,1,1,0
1136583,2018-04-24,2018,Wankhede Stadium,Mumbai,Mumbai Indians,field,Sunrisers Hyderabad,Rashid Khan,Sunrisers Hyderabad,Mumbai Indians,118,10,87,10,1,1,0
1136584,2018-04-25,2018,M Chinnaswamy Stadium,Bengaluru,Chennai Super Kings,field,Chennai Super Kings,MS Dhoni,Royal Challengers Bangaluru,Chennai Super Kings,205,8,207,5,0,0,1
1136585,2018-04-26,2018,"Rajiv Gandhi International Stadium, Hyderabad",Hyderabad,Punjab Kings,field,Sunrisers Hyderabad,AS Rajpoot,Sunrisers Hyderabad,Punjab Kings,132,6,119,10,1,1,0
1136586,2018-04-27,2018,Arun Jaitley Stadium,Delhi,Kolkata Knight Riders,field,Delhi Capitals,SS Iyer,Delhi Capitals,Kolkata Knight Riders,219,4,164,9,1,1,0
1136587,2018-04-28,2018,"Maharashtra Cricket Association Stadium, Pune",Pune,Mumbai Indians,field,Mumbai Indians,RG Sharma,Chennai Super Kings,Mumbai Indians,169,5,170,2,0,0,1
1136588,2018-04-29,2018,Sawai Mansingh Stadium,Jaipur,Sunrisers Hyderabad,bat,Sunrisers Hyderabad,KS Williamson,Sunrisers Hyderabad,Rajasthan Royals,151,7,140,6,1,1,0
1136589,2018-04-29,2018,M Chinnaswamy Stadium,Bengaluru,Kolkata Knight Riders,field,Kolkata Knight Riders,CA Lynn,Royal Challengers Bangaluru,Kolkata Knight Riders,175,4,176,4,0,0,1
1136590,2018-04-30,2018,"Maharashtra Cricket Association Stadium, Pune",Pune,Delhi Capitals,field,Chennai Super Kings,SR Watson,Chennai Super Kings,Delhi Capitals,211,4,198,5,1,1,0
1136591,2018-05-01,2018,M Chinnaswamy Stadium,Bengaluru,Mumbai Indians,field,Royal Challengers Bangaluru,TG Southee,Royal Challengers Bangaluru,Mumbai Indians,167,7,153,7,1,1,0
1136592,2018-05-02,2018,Arun Jaitley Stadium,Delhi,Rajasthan Royals,field,Delhi Capitals,RR Pant,Delhi Capitals,Rajasthan Royals,196,6,146,5,1,1,0
1136593,2018-05-03,2018,Eden Gardens,Kolkata,Kolkata Knight Riders,field,Kolkata Knight Riders,SP Narine,Chennai Super Kings,Kolkata Knight Riders,177,5,180,4,0,0,1
1136594,2018-05-04,2018,Holkar Cricket Stadium,Indore,Mumbai Indians,field,Mumbai Indians,SA Yadav,Punjab Kings,Mumbai Indians,174,6,176,4,0,0,1
1136595,2018-05-05,2018,"Maharashtra Cricket Association Stadium, Pune",Pune,Chennai Super Kings,field,Chennai Super Kings,RA Jadeja,Royal Challengers Bangaluru,Chennai Super Kings,127,9,128,4,0,0,1
1136596,2018-05-05,2018,"Rajiv Gandhi International Stadium, Hyderabad",Hyderabad,Delhi Capitals,bat,Sunrisers Hyderabad,Rashid Khan,Delhi Capitals,Sunrisers Hyderabad,163,5,164,3,0,0,1
1136597,2018-05-06,2018,Wankhede Stadium,Mumbai,Kolkata Knight Riders,field,Mumbai Indians,HH Pandya,Mumbai Indians,Kolkata Knight Riders,181,4,168,6,1,1,0
1136598,2018-05-06,2018,Holkar Cricket Stadium,Indore,Punjab Kings,field,Punjab Kings,Mujeeb Ur Rahman,Rajasthan Royals,Punjab Kings,152,9,155,4,0,0,1
1136599,2018-05-07,2018,"Rajiv Gandhi International Stadium, Hyderabad",Hyderabad,Royal Challengers Bangaluru,field,Sunrisers Hyderabad,KS Williamson,Sunrisers Hyderabad,Royal Challengers Bangaluru,146,10,141,6,1,1,0
1136600,2018-05-08,2018,Sawai Mansingh Stadium,Jaipur,Rajasthan Royals,bat,Rajasthan Royals,JC Buttler,Rajasthan Royals,Punjab Kings,158,8,143,7,1,1,0
1136601,2018-05-09,2018,Eden Gardens,Kolkata,Kolkata Knight Riders,field,Mumbai Indians,Ishan Kishan,Mumbai Indians,Kolkata Knight Riders,210,6,108,10,1,1,0
1136602,2018-05-10,2018,Arun Jaitley Stadium,Delhi,Delhi Capitals,bat,Sunrisers Hyderabad,S Dhawan,Delhi Capitals,Sunrisers Hyderabad,187,5,191,1,0,0,1
1136603,2018-05-11,2018,Sawai Mansingh Stadium,Jaipur,Chennai Super Kings,bat,Rajasthan Royals,JC Buttler,Chennai Super Kings,Rajasthan Royals,176,4,177,6,0,0,1
1136604,2018-05-12,2018,Holkar Cricket Stadium,Indore,Punjab Kings,field,Kolkata Knight Riders,SP Narine,Kolkata Knight Riders,Punjab Kings,245,6,214,8,1,1,0
1136605,2018-05-12,2018,Arun Jaitley Stadium,Delhi,Royal Challengers Bangaluru,field,Royal Challengers Bangaluru,AB de Villiers,Delhi Capitals,Royal Challengers Bangaluru,181,4,187,5,0,0,1
1136606,2018-05-13,2018,"Maharashtra Cricket Association Stadium, Pune",Pune,Chennai Super Kings,field,Chennai Super Kings,AT Rayudu,Sunrisers Hyderabad,Chennai Super Kings,179,4,180,2,0,0,1
1136607,2018-05-13,2018,Wankhede Stadium,Mumbai,Rajasthan Royals,field,Rajasthan Royals,JC Buttler,Mumbai Indians,Rajasthan Royals,168,6,171,3,0,0,1
1136608,2018-05-14,2018,Holkar Cricket Stadium,Indore,Royal Challengers Bangaluru,field,Royal Challengers Bangaluru,UT Yadav,Punjab Kings,Royal Challengers Bangaluru,88,10,92,0,0,0,1
1136609,2018-05-15,2018,Eden Gardens,Kolkata,Kolkata Knight Riders,field,Kolkata Knight Riders,Kuldeep Yadav,Rajasthan Royals,Kolkata Knight Riders,142,10,145,4,0,0,1
1136610,2018-05-16,2018,Wankhede Stadium,Mumbai,Punjab Kings,field,Mumbai Indians,JJ Bumrah,Mumbai Indians,Punjab Kings,186,8,183,5,1,1,0
1136611,2018-05-17,2018,M Chinnaswamy Stadium,Bengaluru,Sunrisers Hyderabad,field,Royal Challengers Bangaluru,AB de Villiers,Royal Challengers Bangaluru,Sunrisers Hyderabad,218,6,204,3,1,1,0
1136612,2018-05-18,2018,Arun Jaitley Stadium,Delhi,Chennai Super Kings,field,Delhi Capitals,HV Patel,Delhi Capitals,Chennai Super Kings,162,5,128,6,1,1,0
1136613,2018-05-19,2018,Sawai Mansingh Stadium,Jaipur,Rajasthan Royals,bat,Rajasthan Royals,S Gopal,Rajasthan Royals,Royal Challengers Bangaluru,164,5,134,10,1,1,0
1136614,2018-05-19,2018,"Rajiv Gandhi International Stadium, Hyderabad",Hyderabad,Sunrisers Hyderabad,bat,Kolkata Knight Riders,CA Lynn,Sunrisers Hyderabad,Kolkata Knight Riders,172,9,173,5,0,0,1
1136615,2018-05-20,2018,Arun Jaitley Stadium,Delhi,Delhi Capitals,bat,Delhi Capitals,A Mishra,Delhi Capitals,Mumbai Indians,174,4,163,10,1,1,0
1136616,2018-05-20,2018,"Maharashtra Cricket Association Stadium, Pune",Pune,Chennai Super Kings,field,Chennai Super Kings,L Ngidi,Punjab Kings,Chennai Super Kings,153,10,159,5,0,0,1
1136617,2018-05-22,2018,Wankhede Stadium,Mumbai,Chennai Super Kings,field,Chennai Super Kings,F du Plessis,Sunrisers Hyderabad,Chennai Super Kings,139,7,140,8,0,0,1
1136618,2018-05-23,2018,Eden Gardens,Kolkata,Rajasthan Royals,field,Kolkata Knight Riders,AD Russell,Kolkata Knight Riders,Rajasthan Royals,169,7,144,4,1,1,0
1136619,2018-05-25,2018,Eden Gardens,Kolkata,Kolkata Knight Riders,field,Sunrisers Hyderabad,Rashid Khan,Sunrisers Hyderabad,Kolkata Knight Riders,174,7,160,9,1,1,0
1136620,2018-05-27,2018,Wankhede Stadium,Mumbai,Chennai Super Kings,field,Chennai Super Kings,SR Watson,Sunrisers Hyderabad,Chennai Super Kings,178,6,181,2,0,0,1
1175356,2019-03-23,2019,"MA Chidambaram Stadium, Chennai",Chennai,Chennai Super Kings,field,Chennai Super Kings,Harbhajan Singh,Royal Challengers Bangaluru,Chennai Super Kings,70,10,71,3,0,0,1
1175357,2019-03-24,2019,Eden Gardens,Kolkata,Kolkata Knight Riders,field,Kolkata Knight Riders,AD Russell,Sunrisers Hyderabad,Kolkata Knight Riders,181,3,183,4,0,0,1
1175358,2019-03-24,2019,Wankhede Stadium,Mumbai,Mumbai Indians,field,Delhi Capitals,RR Pant,Delhi Capitals,Mumbai Indians,213,6,176,9,1,1,0
1175359,2019-03-25,2019,Sawai Mansingh Stadium,Jaipur,Rajasthan Royals,field,Punjab Kings,CH Gayle,Punjab Kings,Rajasthan Royals,184,4,170,9,1,1,0
1175360,2019-03-26,2019,Arun Jaitley Stadium,Delhi,Delhi Capitals,bat,Chennai Super Kings,SR Watson,Delhi Capitals,Chennai Super Kings,147,6,150,4,0,0,1
1175361,2019-03-27,2019,Eden Gardens,Kolkata,Punjab Kings,field,Kolkata Knight Riders,AD Russell,Kolkata Knight Riders,Punjab Kings,218,4,190,4,1,1,0
1175362,2019-03-28,2019,M Chinnaswamy Stadium,Bengaluru,Royal Challengers Bangaluru,field,Mumbai Indians,JJ Bumrah,Mumbai Indians,Royal Challengers Bangaluru,187,8,181,5,1,1,0
1175363,2019-03-29,2019,"Rajiv Gandhi International Stadium, Hyderabad",Hyderabad,Rajasthan Royals,bat,Sunrisers Hyderabad,Rashid Khan,Rajasthan Royals,Sunrisers Hyderabad,198,2,201,5,0,0,1
1175364,2019-03-30,2019,Punjab Cricket Association Stadium,Chandigarh,Punjab Kings,field,Punjab Kings,MA Agarwal,Mumbai Indians,Punjab Kings,176,7,177,2,0,0,1
1175365,2019-03-30,2019,Arun Jaitley Stadium,Delhi,Delhi Capitals,field,Unknown,PP Shaw,Kolkata Knight Riders,Delhi Capitals,185,8,185,6,0,0,0
1175366,2019-03-31,2019,"Rajiv Gandhi International Stadium, Hyderabad",Hyderabad,Royal Challengers Bangaluru,field,Sunrisers Hyderabad,JM Bairstow,Sunrisers Hyderabad,Royal Challengers Bangaluru,231,2,113,10,1,1,0
1175367,2019-03-31,2019,"MA Chidambaram Stadium, Chennai",Chennai,Rajasthan Royals,field,Chennai Super Kings,MS Dhoni,Chennai Super Kings,Rajasthan Royals,175,5,167,8,1,1,0
1175368,2019-04-01,2019,Punjab Cricket Association Stadium,Chandigarh,Delhi Capitals,field,Punjab Kings,SM Curran,Punjab Kings,Delhi Capitals,166,9,152,10,1,1,0
1175369,2019-04-02,2019,Sawai Mansingh Stadium,Jaipur,Rajasthan Royals,field,Rajasthan Royals,S Gopal,Royal Challengers Bangaluru,Rajasthan Royals,158,4,164,3,0,0,1
1175370,2019-04-03,2019,Wankhede Stadium,Mumbai,Chennai Super Kings,field,Mumbai Indians,HH Pandya,Mumbai Indians,Chennai Super Kings,170,5,133,8,1,1,0
1175371,2019-04-04,2019,Arun Jaitley Stadium,Delhi,Sunrisers Hyderabad,field,Sunrisers Hyderabad,JM Bairstow,Delhi Capitals,Sunrisers Hyderabad,129,8,131,5,0,0,1
1175372,2019-04-05,2019,M Chinnaswamy Stadium,Bengaluru,Kolkata Knight Riders,field,Kolkata Knight Riders,AD Russell,Royal Challengers Bangaluru,Kolkata Knight Riders,205,3,206,5,0,0,1
1178393,2019-04-06,2019,"MA Chidambaram Stadium, Chennai",Chennai,Chennai Super Kings,bat,Chennai Super Kings,Harbhajan Singh,Chennai Super Kings,Punjab Kings,160,3,138,5,1,1,0
1178394,2019-04-06,2019,"Rajiv Gandhi International Stadium, Hyderabad",Hyderabad,Sunrisers Hyderabad,field,Mumbai Indians,AS Joseph,Mumbai Indians,Sunrisers Hyderabad,136,7,96,10,1,1,0
1178395,2019-04-07,2019,M Chinnaswamy Stadium,Bengaluru,Delhi Capitals,field,Delhi Capitals,K Rabada,Royal Challengers Bangaluru,Delhi Capitals,149,8,152,6,0,0,1
1178396,2019-04-07,2019,Sawai Mansingh Stadium,Jaipur,Kolkata Knight Riders,field,Kolkata Knight Riders,HF Gurney,Rajasthan Royals,Kolkata Knight Riders,139,3,140,2,0,0,1
1178397,2019-04-08,2019,Punjab Cricket Association Stadium,Chandigarh,Punjab Kings,field,Punjab Kings,KL Rahul,Sunrisers Hyderabad,Punjab Kings,150,4,151,4,0,0,1
1178398,2019-04-09,2019,"MA Chidambaram Stadium, Chennai",Chennai,Chennai Super Kings,field,Chennai Super Kings,DL Chahar,Kolkata Knight Riders,Chennai Super Kings,108,9,111,3,0,0,1
1178399,2019-04-10,2019,Wankhede Stadium,Mumbai,Mumbai Indians,field,Mumbai Indians,KA Pollard,Punjab Kings,Mumbai Indians,197,4,198,7,0,0,1
1178400,2019-04-11,2019,Sawai Mansingh Stadium,Jaipur,Chennai Super Kings,field,Chennai Super Kings,MS Dhoni,Rajasthan Royals,Chennai Super Kings,151,7,155,6,0,0,1
1178401,2019-04-12,2019,Eden Gardens,Kolkata,Delhi Capitals,field,Delhi Capitals,S Dhawan,Kolkata Knight Riders,Delhi Capitals,178,7,180,3,0,0,1
1178402,2019-04-13,2019,Wankhede Stadium,Mumbai,Rajasthan Royals,field,Rajasthan Royals,JC Buttler,Mumbai Indians,Rajasthan Royals,187,5,188,6,0,0,1
1178403,2019-04-13,2019,Punjab Cricket Association Stadium,Chandigarh,Royal Challengers Bangaluru,field,Royal Challengers Bangaluru,AB de Villiers,Punjab Kings,Royal Challengers Bangaluru,173,4,174,2,0,0,1
1178404,2019-04-14,2019,Eden Gardens,Kolkata,Chennai Super Kings,field,Chennai Super Kings,Imran Tahir,Kolkata Knight Riders,Chennai Super Kings,161,8,162,5,0,0,1
1178405,2019-04-14,2019,"Rajiv Gandhi International Stadium, Hyderabad",Hyderabad,Sunrisers Hyderabad,field,Delhi Capitals,KMA Paul,Delhi Capitals,Sunrisers Hyderabad,155,7,116,10,1,1,0
1178406,2019-04-15,2019,Wankhede Stadium,Mumbai,Mumbai Indians,field,Mumbai Indians,SL Malinga,Royal Challengers Bangaluru,Mumbai Indians,171,7,172,5,0,0,1
1178407,2019-04-16,2019,Punjab Cricket Association Stadium,Chandigarh,Rajasthan Royals,field,Punjab Kings,R Ashwin,Punjab Kings,Rajasthan Royals,182,6,170,7,1,1,0
1178408,2019-04-17,2019,"Rajiv Gandhi International Stadium, Hyderabad",Hyderabad,Chennai Super Kings,bat,Sunrisers Hyderabad,DA Warner,Chennai Super Kings,Sunrisers Hyderabad,132,5,137,4,0,0,1
1178409,2019-04-18,2019,Arun Jaitley Stadium,Delhi,Mumbai Indians,bat,Mumbai Indians,HH Pandya,Mumbai Indians,Delhi Capitals,168,5,128,9,1,1,0
1178410,2019-04-19,2019,Eden Gardens,Kolkata,Kolkata Knight Riders,field,Royal Challengers Bangaluru,V Kohli,Royal Challengers Bangaluru,Kolkata Knight Riders,213,4,203,5,1,1,0
1178411,2019-04-20,2019,Sawai Mansingh Stadium,Jaipur,Rajasthan Royals,field,Rajasthan Royals,SPD Smith,Mumbai Indians,Rajasthan Royals,161,5,162,5,0,0,1
1178412,2019-04-20,2019,Arun Jaitley Stadium,Delhi,Delhi Capitals,field,Delhi Capitals,SS Iyer,Punjab Kings,Delhi Capitals,163,7,166,5,0,0,1
1178413,2019-04-21,2019,"Rajiv Gandhi International Stadium, Hyderabad",Hyderabad,Sunrisers Hyderabad,field,Sunrisers Hyderabad,KK Ahmed,Kolkata Knight Riders,Sunrisers Hyderabad,159,8,161,1,0,0,1
1178414,2019-04-21,2019,M Chinnaswamy Stadium,Bengaluru,Chennai Super Kings,field,Royal Challengers Bangaluru,PA Patel,Royal Challengers Bangaluru,Chennai Super Kings,161,7,160,8,1,1,0
1178415,2019-04-22,2019,Sawai Mansingh Stadium,Jaipur,Delhi Capitals,field,Delhi Capitals,RR Pant,Rajasthan Royals,Delhi Capitals,191,6,193,4,0,0,1
1178416,2019-04-23,2019,"MA Chidambaram Stadium, Chennai",Chennai,Chennai Super Kings,field,Chennai Super Kings,SR Watson,Sunrisers Hyderabad,Chennai Super Kings,175,3,176,4,0,0,1
1178417,2019-04-24,2019,M Chinnaswamy Stadium,Bengaluru,Punjab Kings,field,Royal Challengers Bangaluru,AB de Villiers,Royal Challengers Bangaluru,Punjab Kings,202,4,185,7,1,1,0
1178418,2019-04-25,2019,Eden Gardens,Kolkata,Rajasthan Royals,field,Rajasthan Royals,VR Aaron,Kolkata Knight Riders,Rajasthan Royals,175,6,177,7,0,0,1
1178419,2019-04-26,2019,"MA Chidambaram Stadium, Chennai",Chennai,Chennai Super Kings,field,Mumbai Indians,RG Sharma,Mumbai Indians,Chennai Super Kings,155,4,109,10,1,1,0
1178420,2019-04-27,2019,Sawai Mansingh Stadium,Jaipur,Rajasthan Royals,field,Rajasthan Royals,JD Unadkat,Sunrisers Hyderabad,Rajasthan Royals,160,8,161,3,0,0,1
1178421,2019-04-28,2019,Arun Jaitley Stadium,Delhi,Delhi Capitals,bat,Delhi Capitals,S Dhawan,Delhi Capitals,Royal Challengers Bangaluru,187,5,171,7,1,1,0
1178422,2019-04-28,2019,Eden Gardens,Kolkata,Mumbai Indians,field,Kolkata Knight Riders,AD Russell,Kolkata Knight Riders,Mumbai Indians,232,2,198,7,1,1,0
1178423,2019-04-29,2019,"Rajiv Gandhi International Stadium, Hyderabad",Hyderabad,Punjab Kings,field,Sunrisers Hyderabad,DA Warner,Sunrisers Hyderabad,Punjab Kings,212,6,167,8,1,1,0
1178424,2019-04-30,2019,M Chinnaswamy Stadium,Bengaluru,Rajasthan Royals,field,Unknown,Unknown,Royal Challengers Bangaluru,Rajasthan Royals,62,7,41,1,0,0,0
1178425,2019-05-01,2019,"MA Chidambaram Stadium, Chennai",Chennai,Delhi Capitals,field,Chennai Super Kings,MS Dhoni,Chennai Super Kings,Delhi Capitals,179,4,99,10,1,1,0
1178426,2019-05-02,2019,Wankhede Stadium,Mumbai,Mumbai Indians,bat,Unknown,JJ Bumrah,Mumbai Indians,Sunrisers Hyderabad,162,5,162,6,0,0,0
1178427,2019-05-03,2019,Punjab Cricket Association Stadium,Chandigarh,Kolkata Knight Riders,field,Kolkata Knight Riders,Shubman Gill,Punjab Kings,Kolkata Knight Riders,183,6,185,3,0,0,1
1178428,2019-05-04,2019,Arun Jaitley Stadium,Delhi,Rajasthan Royals,bat,Delhi Capitals,A Mishra,Rajasthan Royals,Delhi Capitals,115,9,121,5,0,0,1
1178429,2019-05-04,2019,M Chinnaswamy Stadium,Bengaluru,Royal Challengers Bangaluru,field,Royal Challengers Bangaluru,SO Hetmyer,Sunrisers Hyderabad,Royal Challengers Bangaluru,175,7,178,6,0,0,1
1178430,2019-05-05,2019,Punjab Cricket Association Stadium,Chandigarh,Punjab Kings,field,Punjab Kings,KL Rahul,Chennai Super Kings,Punjab Kings,170,5,173,4,0,0,1
1178431,2019-05-05,2019,Wankhede Stadium,Mumbai,Mumbai Indians,field,Mumbai Indians,HH Pandya,Kolkata Knight Riders,Mumbai Indians,133,7,134,1,0,0,1
1181764,2019-05-07,2019,"MA Chidambaram Stadium, Chennai",Chennai,Chennai Super Kings,bat,Mumbai Indians,SA Yadav,Chennai Super Kings,Mumbai Indians,131,4,132,4,0,0,1
1181766,2019-05-08,2019,Dr YS Rajasekhara Reddy ACA-VDCA Cricket Stadium,Visakhapatnam,Delhi Capitals,field,Delhi Capitals,RR Pant,Sunrisers Hyderabad,Delhi Capitals,162,8,165,8,0,0,1
1181767,2019-05-10,2019,Dr YS Rajasekhara Reddy ACA-VDCA Cricket Stadium,Visakhapatnam,Chennai Super Kings,field,Chennai Super Kings,F du Plessis,Delhi Capitals,Chennai Super Kings,147,9,151,4,0,0,1
1181768,2019-05-12,2019,"Rajiv Gandhi International Stadium, Hyderabad",Hyderabad,Mumbai Indians,bat,Mumbai Indians,JJ Bumrah,Mumbai Indians,Chennai Super Kings,149,8,148,7,1,1,0
1216492,2020-09-19,2020/21,Sheikh Zayed Stadium,Abu Dhabi,Chennai Super Kings,field,Chennai Super Kings,AT Rayudu,Mumbai Indians,Chennai Super Kings,162,9,166,5,0,0,1
1216493,2020-09-20,2020/21,Dubai International Cricket Stadium,Unknown,Punjab Kings,field,Unknown,MP Stoinis,Delhi Capitals,Punjab Kings,157,8,157,8,0,0,0
1216494,2020-10-21,2020/21,Sheikh Zayed Stadium,Abu Dhabi,Kolkata Knight Riders,bat,Royal Challengers Bangaluru,Mohammed Siraj,Kolkata Knight Riders,Royal Challengers Bangaluru,84,8,85,2,0,0,1
1216495,2020-11-03,2020/21,Sharjah Cricket Stadium,Unknown,Sunrisers Hyderabad,field,Sunrisers Hyderabad,S Nadeem,Mumbai Indians,Sunrisers Hyderabad,149,8,151,0,0,0,1
1216496,2020-09-22,2020/21,Sharjah Cricket Stadium,Unknown,Chennai Super Kings,field,Rajasthan Royals,SV Samson,Rajasthan Royals,Chennai Super Kings,216,7,200,6,1,1,0
1216497,2020-10-24,2020/21,Sheikh Zayed Stadium,Abu Dhabi,Delhi Capitals,field,Kolkata Knight Riders,CV Varun,Kolkata Knight Riders,Delhi Capitals,194,6,135,9,1,1,0
1216498,2020-10-24,2020/21,Dubai International Cricket Stadium,Unknown,Sunrisers Hyderabad,field,Punjab Kings,CJ Jordan,Punjab Kings,Sunrisers Hyderabad,126,7,114,10,1,1,0
1216499,2020-10-28,2020/21,Sheikh Zayed Stadium,Abu Dhabi,Mumbai Indians,field,Mumbai Indians,SA Yadav,Royal Challengers Bangaluru,Mumbai Indians,164,6,166,5,0,0,1
1216500,2020-10-09,2020/21,Sharjah Cricket Stadium,Unknown,Rajasthan Royals,field,Delhi Capitals,R Ashwin,Delhi Capitals,Rajasthan Royals,184,8,138,10,1,1,0
1216501,2020-10-07,2020/21,Sheikh Zayed Stadium,Abu Dhabi,Kolkata Knight Riders,bat,Kolkata Knight Riders,RA Tripathi,Kolkata Knight Riders,Chennai Super Kings,167,10,157,5,1,1,0
1216502,2020-10-31,2020/21,Sharjah Cricket Stadium,Unknown,Sunrisers Hyderabad,field,Sunrisers Hyderabad,Sandeep Sharma,Royal Challengers Bangaluru,Sunrisers Hyderabad,120,7,121,5,0,0,1
1216503,2020-10-01,2020/21,Sheikh Zayed Stadium,Abu Dhabi,Punjab Kings,field,Mumbai Indians,KA Pollard,Mumbai Indians,Punjab Kings,191,4,143,8,1,1,0
1216504,2020-09-30,2020/21,Dubai International Cricket Stadium,Unknown,Rajasthan Royals,field,Kolkata Knight Riders,Shivam Mavi,Kolkata Knight Riders,Rajasthan Royals,174,6,137,9,1,1,0
1216505,2020-11-02,2020/21,Sheikh Zayed Stadium,Abu Dhabi,Delhi Capitals,field,Delhi Capitals,A Nortje,Royal Challengers Bangaluru,Delhi Capitals,152,7,154,4,0,0,1
1216506,2020-11-01,2020/21,Sheikh Zayed Stadium,Abu Dhabi,Chennai Super Kings,field,Chennai Super Kings,RD Gaikwad,Punjab Kings,Chennai Super Kings,153,6,154,1,0,0,1
1216507,2020-10-11,2020/21,Dubai International Cricket Stadium,Unknown,Sunrisers Hyderabad,bat,Rajasthan Royals,R Tewatia,Sunrisers Hyderabad,Rajasthan Royals,158,4,163,5,0,0,1
1216508,2020-09-23,2020/21,Sheikh Zayed Stadium,Abu Dhabi,Kolkata Knight Riders,field,Mumbai Indians,RG Sharma,Mumbai Indians,Kolkata Knight Riders,195,5,146,9,1,1,0
1216509,2020-10-17,2020/21,Sharjah Cricket Stadium,Unknown,Chennai Super Kings,bat,Delhi Capitals,S Dhawan,Chennai Super Kings,Delhi Capitals,179,4,185,5,0,0,1
1216510,2020-09-24,2020/21,Dubai International Cricket Stadium,Unknown,Royal Challengers Bangaluru,field,Punjab Kings,KL Rahul,Punjab Kings,Royal Challengers Bangaluru,206,3,109,10,1,1,0
1216511,2020-10-06,2020/21,Sheikh Zayed Stadium,Abu Dhabi,Mumbai Indians,bat,Mumbai Indians,SA Yadav,Mumbai Indians,Rajasthan Royals,193,4,136,10,1,1,0
1216512,2020-10-18,2020/21,Sheikh Zayed Stadium,Abu Dhabi,Sunrisers Hyderabad,field,Unknown,LH Ferguson,Kolkata Knight Riders,Sunrisers Hyderabad,163,5,163,6,0,0,0
1216513,2020-10-04,2020/21,Dubai International Cricket Stadium,Unknown,Punjab Kings,bat,Chennai Super Kings,SR Watson,Punjab Kings,Chennai Super Kings,178,4,181,0,0,0,1
1216514,2020-10-03,2020/21,Sheikh Zayed Stadium,Abu Dhabi,Rajasthan Royals,bat,Royal Challengers Bangaluru,YS Chahal,Rajasthan Royals,Royal Challengers Bangaluru,154,6,158,2,0,0,1
1216515,2020-10-03,2020/21,Sharjah Cricket Stadium,Unknown,Kolkata Knight Riders,field,Delhi Capitals,SS Iyer,Delhi Capitals,Kolkata Knight Riders,228,4,210,8,1,1,0
1216516,2020-10-02,2020/21,Dubai International Cricket Stadium,Unknown,Sunrisers Hyderabad,bat,Sunrisers Hyderabad,PK Garg,Sunrisers Hyderabad,Chennai Super Kings,164,5,157,5,1,1,0
1216517,2020-10-18,2020/21,Dubai International Cricket Stadium,Unknown,Mumbai Indians,bat,Unknown,KL Rahul,Mumbai Indians,Punjab Kings,176,6,176,6,0,0,0
1216518,2020-10-22,2020/21,Dubai International Cricket Stadium,Unknown,Sunrisers Hyderabad,field,Sunrisers Hyderabad,MK Pandey,Rajasthan Royals,Sunrisers Hyderabad,154,6,156,2,0,0,1
1216519,2020-10-05,2020/21,Dubai International Cricket Stadium,Unknown,Royal Challengers Bangaluru,field,Delhi Capitals,AR Patel,Delhi Capitals,Royal Challengers Bangaluru,196,4,137,9,1,1,0
1216520,2020-10-26,2020/21,Sharjah Cricket Stadium,Unknown,Punjab Kings,field,Punjab Kings,CH Gayle,Kolkata Knight Riders,Punjab Kings,149,9,150,2,0,0,1
1216521,2020-10-23,2020/21,Sharjah Cricket Stadium,Unknown,Mumbai Indians,field,Mumbai Indians,TA Boult,Chennai Super Kings,Mumbai Indians,114,9,116,0,0,0,1
1216522,2020-10-17,2020/21,Dubai International Cricket Stadium,Unknown,Rajasthan Royals,bat,Royal Challengers Bangaluru,AB de Villiers,Rajasthan Royals,Royal Challengers Bangaluru,177,6,179,3,0,0,1
1216523,2020-10-10,2020/21,Sheikh Zayed Stadium,Abu Dhabi,Kolkata Knight Riders,bat,Kolkata Knight Riders,KD Karthik,Kolkata Knight Riders,Punjab Kings,164,6,162,5,1,1,0
1216524,2020-10-27,2020/21,Dubai International Cricket Stadium,Unknown,Delhi Capitals,field,Sunrisers Hyderabad,WP Saha,Sunrisers Hyderabad,Delhi Capitals,219,2,131,10,1,1,0
1216525,2020-10-10,2020/21,Dubai International Cricket Stadium,Unknown,Royal Challengers Bangaluru,bat,Royal Challengers Bangaluru,V Kohli,Royal Challengers Bangaluru,Chennai Super Kings,169,4,132,8,1,1,0
1216526,2020-10-16,2020/21,Sheikh Zayed Stadium,Abu Dhabi,Kolkata Knight Riders,bat,Mumbai Indians,Q de Kock,Kolkata Knight Riders,Mumbai Indians,148,5,149,2,0,0,1
1216527,2020-09-27,2020/21,Sharjah Cricket Stadium,Unknown,Rajasthan Royals,field,Rajasthan Royals,SV Samson,Punjab Kings,Rajasthan Royals,223,2,226,6,0,0,1
1216528,2020-10-13,2020/21,Dubai International Cricket Stadium,Unknown,Chennai Super Kings,bat,Chennai Super Kings,RA Jadeja,Chennai Super Kings,Sunrisers Hyderabad,167,6,147,8,1,1,0
1216529,2020-10-11,2020/21,Sheikh Zayed Stadium,Abu Dhabi,Delhi Capitals,bat,Mumbai Indians,Q de Kock,Delhi Capitals,Mumbai Indians,162,4,166,5,0,0,1
1216530,2020-11-01,2020/21,Dubai International Cricket Stadium,Unknown,Rajasthan Royals,field,Kolkata Knight Riders,PJ Cummins,Kolkata Knight Riders,Rajasthan Royals,191,7,131,9,1,1,0
1216531,2020-10-15,2020/21,Sharjah Cricket Stadium,Unknown,Royal Challengers Bangaluru,bat,Punjab Kings,KL Rahul,Royal Challengers Bangaluru,Punjab Kings,171,6,177,2,0,0,1
1216532,2020-09-29,2020/21,Sheikh Zayed Stadium,Abu Dhabi,Delhi Capitals,field,Sunrisers Hyderabad,Rashid Khan,Sunrisers Hyderabad,Delhi Capitals,162,4,147,7,1,1,0
1216533,2020-10-19,2020/21,Sheikh Zayed Stadium,Abu Dhabi,Chennai Super Kings,bat,Rajasthan Royals,JC Buttler,Chennai Super Kings,Rajasthan Royals,125,5,126,3,0,0,1
1216534,2020-09-21,2020/21,Dubai International Cricket Stadium,Unknown,Sunrisers Hyderabad,field,Royal Challengers Bangaluru,YS Chahal,Royal Challengers Bangaluru,Sunrisers Hyderabad,163,5,153,10,1,1,0
1216535,2020-10-31,2020/21,Dubai International Cricket Stadium,Unknown,Mumbai Indians,field,Mumbai Indians,Ishan Kishan,Delhi Capitals,Mumbai Indians,110,9,111,1,0,0,1
1216536,2020-10-29,2020/21,Dubai International Cricket Stadium,Unknown,Chennai Super Kings,field,Chennai Super Kings,RD Gaikwad,Kolkata Knight Riders,Chennai Super Kings,172,5,178,4,0,0,1
1216537,2020-10-30,2020/21,Sheikh Zayed Stadium,Abu Dhabi,Rajasthan Royals,field,Rajasthan Royals,BA Stokes,Punjab Kings,Rajasthan Royals,185,4,186,3,0,0,1
1216538,2020-10-04,2020/21,Sharjah Cricket Stadium,Unknown,Mumbai Indians,bat,Mumbai Indians,TA Boult,Mumbai Indians,Sunrisers Hyderabad,208,5,174,7,1,1,0
1216539,2020-09-25,2020/21,Dubai International Cricket Stadium,Unknown,Chennai Super Kings,field,Delhi Capitals,PP Shaw,Delhi Capitals,Chennai Super Kings,175,3,131,7,1,1,0
1216540,2020-10-12,2020/21,Sharjah Cricket Stadium,Unknown,Royal Challengers Bangaluru,bat,Royal Challengers Bangaluru,AB de Villiers,Royal Challengers Bangaluru,Kolkata Knight Riders,194,2,112,9,1,1,0
1216541,2020-10-25,2020/21,Sheikh Zayed Stadium,Abu Dhabi,Mumbai Indians,bat,Rajasthan Royals,BA Stokes,Mumbai Indians,Rajasthan Royals,195,5,196,2,0,0,1
1216542,2020-10-08,2020/21,Dubai International Cricket Stadium,Unknown,Sunrisers Hyderabad,bat,Sunrisers Hyderabad,JM Bairstow,Sunrisers Hyderabad,Punjab Kings,201,6,132,10,1,1,0
1216543,2020-10-14,2020/21,Dubai International Cricket Stadium,Unknown,Delhi Capitals,bat,Delhi Capitals,A Nortje,Delhi Capitals,Rajasthan Royals,161,7,148,8,1,1,0
1216544,2020-10-25,2020/21,Dubai International Cricket Stadium,Unknown,Royal Challengers Bangaluru,bat,Chennai Super Kings,RD Gaikwad,Royal Challengers Bangaluru,Chennai Super Kings,145,6,150,2,0,0,1
1216545,2020-09-26,2020/21,Sheikh Zayed Stadium,Abu Dhabi,Sunrisers Hyderabad,bat,Kolkata Knight Riders,Shubman Gill,Sunrisers Hyderabad,Kolkata Knight Riders,142,4,145,3,0,0,1
1216546,2020-10-20,2020/21,Dubai International Cricket Stadium,Unknown,Delhi Capitals,bat,Punjab Kings,S Dhawan,Delhi Capitals,Punjab Kings,164,5,167,5,0,0,1
1216547,2020-09-28,2020/21,Dubai International Cricket Stadium,Unknown,Mumbai Indians,field,Unknown,AB de Villiers,Royal Challengers Bangaluru,Mumbai Indians,201,3,201,5,0,0,0
1237177,2020-11-05,2020/21,Dubai International Cricket Stadium,Unknown,Delhi Capitals,field,Mumbai Indians,JJ Bumrah,Mumbai Indians,Delhi Capitals,200,5,143,8,1,1,0
1237178,2020-11-06,2020/21,Sheikh Zayed Stadium,Abu Dhabi,Sunrisers Hyderabad,field,Sunrisers Hyderabad,KS Williamson,Royal Challengers Bangaluru,Sunrisers Hyderabad,131,7,132,4,0,0,1
1237180,2020-11-08,2020/21,Sheikh Zayed Stadium,Abu Dhabi,Delhi Capitals,bat,Delhi Capitals,MP Stoinis,Delhi Capitals,Sunrisers Hyderabad,189,3,172,8,1,1,0
1237181,2020-11-10,2020/21,Dubai International Cricket Stadium,Unknown,Delhi Capitals,bat,Mumbai Indians,TA Boult,Delhi Capitals,Mumbai Indians,156,7,157,5,0,0,1
1254058,2021-04-09,2021,"MA Chidambaram Stadium, Chepauk, Chennai",Chennai,Royal Challengers Bangaluru,field,Royal Challengers Bangaluru,HV Patel,Mumbai Indians,Royal Challengers Bangaluru,159,9,160,8,0,0,1
1254059,2021-04-10,2021,Wankhede Stadium,Mumbai,Delhi Capitals,field,Delhi Capitals,S Dhawan,Chennai Super Kings,Delhi Capitals,188,7,190,3,0,0,1
1254060,2021-04-11,2021,"MA Chidambaram Stadium, Chepauk, Chennai",Chennai,Sunrisers Hyderabad,field,Kolkata Knight Riders,N Rana,Kolkata Knight Riders,Sunrisers Hyderabad,187,6,177,5,1,1,0
1254061,2021-04-12,2021,Wankhede Stadium,Mumbai,Rajasthan Royals,field,Punjab Kings,SV Samson,Punjab Kings,Rajasthan Royals,221,6,217,7,1,1,0
1254062,2021-04-13,2021,"MA Chidambaram Stadium, Chepauk, Chennai",Chennai,Kolkata Knight Riders,field,Mumbai Indians,RD Chahar,Mumbai Indians,Kolkata Knight Riders,152,10,142,7,1,1,0
1254063,2021-04-14,2021,"MA Chidambaram Stadium, Chepauk, Chennai",Chennai,Sunrisers Hyderabad,field,Royal Challengers Bangaluru,GJ Maxwell,Royal Challengers Bangaluru,Sunrisers Hyderabad,149,8,143,9,1,1,0
1254064,2021-04-15,2021,Wankhede Stadium,Mumbai,Rajasthan Royals,field,Rajasthan Royals,JD Unadkat,Delhi Capitals,Rajasthan Royals,147,8,150,7,0,0,1
1254065,2021-04-16,2021,Wankhede Stadium,Mumbai,Chennai Super Kings,field,Chennai Super Kings,DL Chahar,Punjab Kings,Chennai Super Kings,106,8,107,4,0,0,1
1254066,2021-04-17,2021,"MA Chidambaram Stadium, Chepauk, Chennai",Chennai,Mumbai Indians,bat,Mumbai Indians,KA Pollard,Mumbai Indians,Sunrisers Hyderabad,150,5,137,10,1,1,0
1254067,2021-04-18,2021,"MA Chidambaram Stadium, Chepauk, Chennai",Chennai,Royal Challengers Bangaluru,bat,Royal Challengers Bangaluru,AB de Villiers,Royal Challengers Bangaluru,Kolkata Knight Riders,204,4,166,8,1,1,0
1254068,2021-04-18,2021,Wankhede Stadium,Mumbai,Delhi Capitals,field,Delhi Capitals,S Dhawan,Punjab Kings,Delhi Capitals,195,4,198,4,0,0,1
1254069,2021-04-19,2021,Wankhede Stadium,Mumbai,Rajasthan Royals,field,Chennai Super Kings,MM Ali,Chennai Super Kings,Rajasthan Royals,188,9,143,9,1,1,0
1254070,2021-04-20,2021,"MA Chidambaram Stadium, Chepauk, Chennai",Chennai,Mumbai Indians,bat,Delhi Capitals,A Mishra,Mumbai Indians,Delhi Capitals,137,9,138,4,0,0,1
1254071,2021-04-21,2021,"MA Chidambaram Stadium, Chepauk, Chennai",Chennai,Punjab Kings,bat,Sunrisers Hyderabad,JM Bairstow,Punjab Kings,Sunrisers Hyderabad,120,10,121,1,0,0,1
1254072,2021-04-21,2021,Wankhede Stadium,Mumbai,Kolkata Knight Riders,field,Chennai Super Kings,F du Plessis,Chennai Super Kings,Kolkata Knight Riders,220,3,202,10,1,1,0
1254073,2021-04-22,2021,Wankhede Stadium,Mumbai,Royal Challengers Bangaluru,field,Royal Challengers Bangaluru,D Padikkal,Rajasthan Royals,Royal Challengers Bangaluru,177,9,181,0,0,0,1
1254074,2021-04-23,2021,"MA Chidambaram Stadium, Chepauk, Chennai",Chennai,Punjab Kings,field,Punjab Kings,KL Rahul,Mumbai Indians,Punjab Kings,131,6,132,1,0,0,1
1254075,2021-04-24,2021,Wankhede Stadium,Mumbai,Rajasthan Royals,field,Rajasthan Royals,CH Morris,Kolkata Knight Riders,Rajasthan Royals,133,9,134,4,0,0,1
1254076,2021-04-25,2021,Wankhede Stadium,Mumbai,Chennai Super Kings,bat,Chennai Super Kings,RA Jadeja,Chennai Super Kings,Royal Challengers Bangaluru,191,4,122,9,1,1,0
1254077,2021-04-25,2021,"MA Chidambaram Stadium, Chepauk, Chennai",Chennai,Delhi Capitals,bat,Unknown,PP Shaw,Delhi Capitals,Sunrisers Hyderabad,159,4,159,7,0,0,0
1254078,2021-04-26,2021,Narendra Modi Stadium,Ahmedabad,Kolkata Knight Riders,field,Kolkata Knight Riders,EJG Morgan,Punjab Kings,Kolkata Knight Riders,123,9,126,5,0,0,1
1254079,2021-04-27,2021,Narendra Modi Stadium,Ahmedabad,Delhi Capitals,field,Royal Challengers Bangaluru,AB de Villiers,Royal Challengers Bangaluru,Delhi Capitals,171,5,170,4,1,1,0
1254080,2021-04-28,2021,Arun Jaitley Stadium,Delhi,Sunrisers Hyderabad,bat,Chennai Super Kings,RD Gaikwad,Sunrisers Hyderabad,Chennai Super Kings,171,3,173,3,0,0,1
1254081,2021-04-29,2021,Arun Jaitley Stadium,Delhi,Mumbai Indians,field,Mumbai Indians,Q de Kock,Rajasthan Royals,Mumbai Indians,171,4,172,3,0,0,1
1254082,2021-04-29,2021,Narendra Modi Stadium,Ahmedabad,Delhi Capitals,field,Delhi Capitals,PP Shaw,Kolkata Knight Riders,Delhi Capitals,154,6,156,3,0,0,1
1254083,2021-04-30,2021,Narendra Modi Stadium,Ahmedabad,Royal Challengers Bangaluru,field,Punjab Kings,Harpreet Brar,Punjab Kings,Royal Challengers Bangaluru,179,5,145,8,1,1,0
1254084,2021-05-01,2021,Arun Jaitley Stadium,Delhi,Mumbai Indians,field,Mumbai Indians,KA Pollard,Chennai Super Kings,Mumbai Indians,218,4,219,6,0,0,1
1254085,2021-05-02,2021,Arun Jaitley Stadium,Delhi,Sunrisers Hyderabad,field,Rajasthan Royals,JC Buttler,Rajasthan Royals,Sunrisers Hyderabad,220,3,165,8,1,1,0
1254086,2021-05-02,2021,Narendra Modi Stadium,Ahmedabad,Delhi Capitals,field,Delhi Capitals,MA Agarwal,Punjab Kings,Delhi Capitals,166,6,167,3,0,0,1
1254087,2021-09-20,2021,"Zayed Cricket Stadium, Abu Dhabi",Abu Dhabi,Royal Challengers Bangaluru,bat,Kolkata Knight Riders,CV Varun,Royal Challengers Bangaluru,Kolkata Knight Riders,92,10,94,1,0,0,1
1254088,2021-10-08,2021,"Zayed Cricket Stadium, Abu Dhabi",Abu Dhabi,Mumbai Indians,bat,Mumbai Indians,Ishan Kishan,Mumbai Indians,Sunrisers Hyderabad,235,9,193,8,1,1,0
1254089,2021-10-02,2021,"Zayed Cricket Stadium, Abu Dhabi",Abu Dhabi,Rajasthan Royals,field,Rajasthan Royals,RD Gaikwad,Chennai Super Kings,Rajasthan Royals,189,4,190,3,0,0,1
1254090,2021-10-03,2021,Sharjah Cricket Stadium,Sharjah,Royal Challengers Bangaluru,bat,Royal Challengers Bangaluru,GJ Maxwell,Royal Challengers Bangaluru,Punjab Kings,164,7,158,6,1,1,0
1254091,2021-09-30,2021,Sharjah Cricket Stadium,Sharjah,Chennai Super Kings,field,Chennai Super Kings,JR Hazlewood,Sunrisers Hyderabad,Chennai Super Kings,134,7,139,4,0,0,1
1254092,2021-09-28,2021,Sharjah Cricket Stadium,Sharjah,Kolkata Knight Riders,field,Kolkata Knight Riders,SP Narine,Delhi Capitals,Kolkata Knight Riders,127,9,130,7,0,0,1
1254093,2021-10-05,2021,Sharjah Cricket Stadium,Sharjah,Mumbai Indians,field,Mumbai Indians,NM Coulter-Nile,Rajasthan Royals,Mumbai Indians,90,9,94,2,0,0,1
1254094,2021-10-07,2021,Dubai International Cricket Stadium,Dubai,Punjab Kings,field,Punjab Kings,KL Rahul,Chennai Super Kings,Punjab Kings,134,6,139,4,0,0,1
1254095,2021-10-06,2021,"Zayed Cricket Stadium, Abu Dhabi",Abu Dhabi,Royal Challengers Bangaluru,field,Sunrisers Hyderabad,KS Williamson,Sunrisers Hyderabad,Royal Challengers Bangaluru,141,7,137,6,1,1,0
1254096,2021-09-23,2021,"Zayed Cricket Stadium, Abu Dhabi",Abu Dhabi,Kolkata Knight Riders,field,Kolkata Knight Riders,SP Narine,Mumbai Indians,Kolkata Knight Riders,155,6,159,3,0,0,1
1254097,2021-09-25,2021,"Zayed Cricket Stadium, Abu Dhabi",Abu Dhabi,Rajasthan Royals,field,Delhi Capitals,SS Iyer,Delhi Capitals,Rajasthan Royals,154,6,121,6,1,1,0
1254098,2021-09-26,2021,"Zayed Cricket Stadium, Abu Dhabi",Abu Dhabi,Kolkata Knight Riders,bat,Chennai Super Kings,RA Jadeja,Kolkata Knight Riders,Chennai Super Kings,171,6,172,8,0,0,1
1254099,2021-09-28,2021,"Zayed Cricket Stadium, Abu Dhabi",Abu Dhabi,Mumbai Indians,field,Mumbai Indians,KA Pollard,Punjab Kings,Mumbai Indians,135,6,137,4,0,0,1
1254100,2021-09-27,2021,Dubai International Cricket Stadium,Dubai,Rajasthan Royals,bat,Sunrisers Hyderabad,JJ Roy,Rajasthan Royals,Sunrisers Hyderabad,164,5,167,3,0,0,1
1254101,2021-10-08,2021,Dubai International Cricket Stadium,Dubai,Royal Challengers Bangaluru,field,Royal Challengers Bangaluru,KS Bharat,Delhi Capitals,Royal Challengers Bangaluru,164,5,166,3,0,0,1
1254102,2021-10-01,2021,Dubai International Cricket Stadium,Dubai,Punjab Kings,field,Punjab Kings,KL Rahul,Kolkata Knight Riders,Punjab Kings,165,7,168,5,0,0,1
1254103,2021-09-29,2021,Dubai International Cricket Stadium,Dubai,Royal Challengers Bangaluru,field,Royal Challengers Bangaluru,YS Chahal,Rajasthan Royals,Royal Challengers Bangaluru,149,9,153,3,0,0,1
1254104,2021-09-19,2021,Dubai International Cricket Stadium,Dubai,Chennai Super Kings,bat,Chennai Super Kings,RD Gaikwad,Chennai Super Kings,Mumbai Indians,156,6,136,8,1,1,0
1254105,2021-09-22,2021,Dubai International Cricket Stadium,Dubai,Sunrisers Hyderabad,bat,Delhi Capitals,A Nortje,Sunrisers Hyderabad,Delhi Capitals,134,9,139,2,0,0,1
1254106,2021-10-07,2021,Sharjah Cricket Stadium,Sharjah,Rajasthan Royals,field,Kolkata Knight Riders,Shivam Mavi,Kolkata Knight Riders,Rajasthan Royals,171,4,85,10,1,1,0
1254107,2021-09-25,2021,Sharjah Cricket Stadium,Sharjah,Sunrisers Hyderabad,field,Punjab Kings,JO Holder,Punjab Kings,Sunrisers Hyderabad,125,7,120,7,1,1,0
1254108,2021-09-26,2021,Dubai International Cricket Stadium,Dubai,Mumbai Indians,field,Royal Challengers Bangaluru,GJ Maxwell,Royal Challengers Bangaluru,Mumbai Indians,165,6,111,10,1,1,0
1254109,2021-10-03,2021,Dubai International Cricket Stadium,Dubai,Sunrisers Hyderabad,bat,Kolkata Knight Riders,Shubman Gill,Sunrisers Hyderabad,Kolkata Knight Riders,115,8,119,4,0,0,1
1254110,2021-10-04,2021,Dubai International Cricket Stadium,Dubai,Delhi Capitals,field,Delhi Capitals,AR Patel,Chennai Super Kings,Delhi Capitals,136,5,139,7,0,0,1
1254111,2021-09-21,2021,Dubai International Cricket Stadium,Dubai,Punjab Kings,field,Rajasthan Royals,Kartik Tyagi,Rajasthan Royals,Punjab Kings,185,10,183,4,1,1,0
1254112,2021-10-02,2021,Sharjah Cricket Stadium,Sharjah,Delhi Capitals,field,Delhi Capitals,AR Patel,Mumbai Indians,Delhi Capitals,129,8,132,6,0,0,1
1254113,2021-09-24,2021,Sharjah Cricket Stadium,Sharjah,Chennai Super Kings,field,Chennai Super Kings,DJ Bravo,Royal Challengers Bangaluru,Chennai Super Kings,156,6,157,4,0,0,1
1254114,2021-10-10,2021,Dubai International Cricket Stadium,Dubai,Chennai Super Kings,field,Chennai Super Kings,RD Gaikwad,Delhi Capitals,Chennai Super Kings,172,5,173,6,0,0,1
1254115,2021-10-11,2021,Sharjah Cricket Stadium,Sharjah,Royal Challengers Bangaluru,bat,Kolkata Knight Riders,SP Narine,Royal Challengers Bangaluru,Kolkata Knight Riders,138,7,139,6,0,0,1
1254116,2021-10-13,2021,Sharjah Cricket Stadium,Sharjah,Kolkata Knight Riders,field,Kolkata Knight Riders,VR Iyer,Delhi Capitals,Kolkata Knight Riders,135,5,136,7,0,0,1
1254117,2021-10-15,2021,Dubai International Cricket Stadium,Dubai,Kolkata Knight Riders,field,Chennai Super Kings,F du Plessis,Chennai Super Kings,Kolkata Knight Riders,192,3,165,9,1,1,0
1304047,2022-03-26,2022,Wankhede Stadium,Mumbai,Kolkata Knight Riders,field,Kolkata Knight Riders,UT Yadav,Chennai Super Kings,Kolkata Knight Riders,131,5,133,4,0,0,1
1304048,2022-03-27,2022,Brabourne Stadium,Mumbai,Delhi Capitals,field,Delhi Capitals,Kuldeep Yadav,Mumbai Indians,Delhi Capitals,177,5,179,6,0,0,1
1304049,2022-03-27,2022,Dr DY Patil Sports Academy,Mumbai,Punjab Kings,field,Punjab Kings,OF Smith,Royal Challengers Bangaluru,Punjab Kings,205,2,208,5,0,0,1
1304050,2022-03-28,2022,Wankhede Stadium,Mumbai,Gujarat Titans,field,Gujarat Titans,Mohammed Shami,Lucknow Super Giants,Gujarat Titans,158,6,161,5,0,0,1
1304051,2022-03-29,2022,"Maharashtra Cricket Association Stadium, Pune",Pune,Sunrisers Hyderabad,field,Rajasthan Royals,SV Samson,Rajasthan Royals,Sunrisers Hyderabad,210,6,149,7,1,1,0
1304052,2022-03-30,2022,Dr DY Patil Sports Academy,Mumbai,Royal Challengers Bangaluru,field,Royal Challengers Bangaluru,PWH de Silva,Kolkata Knight Riders,Royal Challengers Bangaluru,128,10,132,7,0,0,1
1304053,2022-03-31,2022,Brabourne Stadium,Mumbai,Lucknow Super Giants,field,Lucknow Super Giants,E Lewis,Chennai Super Kings,Lucknow Super Giants,210,7,211,4,0,0,1
1304054,2022-04-01,2022,Wankhede Stadium,Mumbai,Kolkata Knight Riders,field,Kolkata Knight Riders,UT Yadav,Punjab Kings,Kolkata Knight Riders,137,10,141,4,0,0,1
1304055,2022-04-02,2022,Dr DY Patil Sports Academy,Mumbai,Mumbai Indians,field,Rajasthan Royals,JC Buttler,Rajasthan Royals,Mumbai Indians,193,8,170,8,1,1,0
1304056,2022-04-02,2022,"Maharashtra Cricket Association Stadium, Pune",Pune,Delhi Capitals,field,Gujarat Titans,LH Ferguson,Gujarat Titans,Delhi Capitals,171,6,157,9,1,1,0
1304057,2022-04-03,2022,Brabourne Stadium,Mumbai,Chennai Super Kings,field,Punjab Kings,LS Livingstone,Punjab Kings,Chennai Super Kings,180,8,126,10,1,1,0
1304058,2022-04-04,2022,Dr DY Patil Sports Academy,Mumbai,Sunrisers Hyderabad,field,Lucknow Super Giants,Avesh Khan,Lucknow Super Giants,Sunrisers Hyderabad,169,7,157,9,1,1,0
1304059,2022-04-05,2022,Wankhede Stadium,Mumbai,Royal Challengers Bangaluru,field,Royal Challengers Bangaluru,KD Karthik,Rajasthan Royals,Royal Challengers Bangaluru,169,3,173,6,0,0,1
1304060,2022-04-06,2022,"Maharashtra Cricket Association Stadium, Pune",Pune,Kolkata Knight Riders,field,Kolkata Knight Riders,PJ Cummins,Mumbai Indians,Kolkata Knight Riders,161,4,162,5,0,0,1
1304061,2022-04-07,2022,Dr DY Patil Sports Academy,Mumbai,Lucknow Super Giants,field,Lucknow Super Giants,Q de Kock,Delhi Capitals,Lucknow Super Giants,149,3,155,4,0,0,1
1304062,2022-04-08,2022,Brabourne Stadium,Mumbai,Gujarat Titans,field,Gujarat Titans,Shubman Gill,Punjab Kings,Gujarat Titans,189,9,190,4,0,0,1
1304063,2022-04-09,2022,Dr DY Patil Sports Academy,Mumbai,Sunrisers Hyderabad,field,Sunrisers Hyderabad,Abhishek Sharma,Chennai Super Kings,Sunrisers Hyderabad,154,7,155,2,0,0,1
1304064,2022-04-09,2022,"Maharashtra Cricket Association Stadium, Pune",Pune,Royal Challengers Bangaluru,field,Royal Challengers Bangaluru,Anuj Rawat,Mumbai Indians,Royal Challengers Bangaluru,151,6,152,3,0,0,1
1304065,2022-04-10,2022,Brabourne Stadium,Mumbai,Kolkata Knight Riders,field,Delhi Capitals,Kuldeep Yadav,Delhi Capitals,Kolkata Knight Riders,215,5,171,10,1,1,0
1304066,2022-04-10,2022,Wankhede Stadium,Mumbai,Lucknow Super Giants,field,Rajasthan Royals,YS Chahal,Rajasthan Royals,Lucknow Super Giants,165,6,162,8,1,1,0
1304067,2022-04-11,2022,Dr DY Patil Sports Academy,Mumbai,Sunrisers Hyderabad,field,Sunrisers Hyderabad,KS Williamson,Gujarat Titans,Sunrisers Hyderabad,162,7,168,2,0,0,1
1304068,2022-04-12,2022,Dr DY Patil Sports Academy,Mumbai,Royal Challengers Bangaluru,field,Chennai Super Kings,S Dube,Chennai Super Kings,Royal Challengers Bangaluru,216,4,193,9,1,1,0
1304069,2022-04-13,2022,"Maharashtra Cricket Association Stadium, Pune",Pune,Mumbai Indians,field,Punjab Kings,MA Agarwal,Punjab Kings,Mumbai Indians,198,5,186,9,1,1,0
1304070,2022-04-14,2022,Dr DY Patil Sports Academy,Mumbai,Rajasthan Royals,field,Gujarat Titans,HH Pandya,Gujarat Titans,Rajasthan Royals,192,4,155,9,1,1,0
1304071,2022-04-15,2022,Brabourne Stadium,Mumbai,Sunrisers Hyderabad,field,Sunrisers Hyderabad,RA Tripathi,Kolkata Knight Riders,Sunrisers Hyderabad,175,8,176,3,0,0,1
1304072,2022-04-16,2022,Brabourne Stadium,Mumbai,Mumbai Indians,field,Lucknow Super Giants,KL Rahul,Lucknow Super Giants,Mumbai Indians,199,4,181,9,1,1,0
1304073,2022-04-16,2022,Wankhede Stadium,Mumbai,Delhi Capitals,field,Royal Challengers Bangaluru,KD Karthik,Royal Challengers Bangaluru,Delhi Capitals,189,5,173,7,1,1,0
1304074,2022-04-17,2022,Dr DY Patil Sports Academy,Mumbai,Sunrisers Hyderabad,field,Sunrisers Hyderabad,Umran Malik,Punjab Kings,Sunrisers Hyderabad,151,10,152,3,0,0,1
1304075,2022-04-17,2022,"Maharashtra Cricket Association Stadium, Pune",Pune,Gujarat Titans,field,Gujarat Titans,DA Miller,Chennai Super Kings,Gujarat Titans,169,5,170,7,0,0,1
1304076,2022-04-18,2022,Brabourne Stadium,Mumbai,Kolkata Knight Riders,field,Rajasthan Royals,YS Chahal,Rajasthan Royals,Kolkata Knight Riders,217,5,210,10,1,1,0
1304077,2022-04-19,2022,Dr DY Patil Sports Academy,Mumbai,Lucknow Super Giants,field,Royal Challengers Bangaluru,F du Plessis,Royal Challengers Bangaluru,Lucknow Super Giants,181,6,163,8,1,1,0
1304078,2022-04-20,2022,Brabourne Stadium,Mumbai,Delhi Capitals,field,Delhi Capitals,Kuldeep Yadav,Punjab Kings,Delhi Capitals,115,10,119,1,0,0,1
1304079,2022-04-21,2022,Dr DY Patil Sports Academy,Navi Mumbai,Chennai Super Kings,field,Chennai Super Kings,Mukesh Choudhary,Mumbai Indians,Chennai Super Kings,155,7,156,7,0,0,1
1304080,2022-04-22,2022,Wankhede Stadium,Mumbai,Delhi Capitals,field,Rajasthan Royals,JC Buttler,Rajasthan Royals,Delhi Capitals,222,2,207,8,1,1,0
1304081,2022-04-23,2022,Dr DY Patil Sports Academy,Navi Mumbai,Gujarat Titans,bat,Gujarat Titans,Rashid Khan,Gujarat Titans,Kolkata Knight Riders,156,9,148,8,1,1,0
1304082,2022-04-23,2022,Brabourne Stadium,Mumbai,Sunrisers Hyderabad,field,Sunrisers Hyderabad,M Jansen,Royal Challengers Bangaluru,Sunrisers Hyderabad,68,10,72,1,0,0,1
1304083,2022-04-24,2022,Wankhede Stadium,Mumbai,Mumbai Indians,field,Lucknow Super Giants,KL Rahul,Lucknow Super Giants,Mumbai Indians,168,6,132,8,1,1,0
1304084,2022-04-25,2022,Wankhede Stadium,Mumbai,Chennai Super Kings,field,Punjab Kings,S Dhawan,Punjab Kings,Chennai Super Kings,187,4,176,6,1,1,0
1304085,2022-04-26,2022,"Maharashtra Cricket Association Stadium, Pune",Pune,Royal Challengers Bangaluru,field,Rajasthan Royals,R Parag,Rajasthan Royals,Royal Challengers Bangaluru,144,8,115,10,1,1,0
1304086,2022-04-27,2022,Wankhede Stadium,Mumbai,Gujarat Titans,field,Gujarat Titans,Umran Malik,Sunrisers Hyderabad,Gujarat Titans,195,6,199,5,0,0,1
1304087,2022-04-28,2022,Wankhede Stadium,Mumbai,Delhi Capitals,field,Delhi Capitals,Kuldeep Yadav,Kolkata Knight Riders,Delhi Capitals,146,9,150,6,0,0,1
1304088,2022-04-29,2022,"Maharashtra Cricket Association Stadium, Pune",Pune,Punjab Kings,field,Lucknow Super Giants,KH Pandya,Lucknow Super Giants,Punjab Kings,153,8,133,8,1,1,0
1304089,2022-04-30,2022,Brabourne Stadium,Mumbai,Royal Challengers Bangaluru,bat,Gujarat Titans,R Tewatia,Royal Challengers Bangaluru,Gujarat Titans,170,6,174,4,0,0,1
1304090,2022-04-30,2022,Dr DY Patil Sports Academy,Navi Mumbai,Mumbai Indians,field,Mumbai Indians,SA Yadav,Rajasthan Royals,Mumbai Indians,158,6,161,5,0,0,1
1304091,2022-05-01,2022,Wankhede Stadium,Mumbai,Lucknow Super Giants,bat,Lucknow Super Giants,Mohsin Khan,Lucknow Super Giants,Delhi Capitals,195,3,189,7,1,1,0
1304092,2022-05-01,2022,"Maharashtra Cricket Association Stadium, Pune",Pune,Sunrisers Hyderabad,field,Chennai Super Kings,RD Gaikwad,Chennai Super Kings,Sunrisers Hyderabad,202,2,189,6,1,1,0
1304093,2022-05-02,2022,Wankhede Stadium,Mumbai,Kolkata Knight Riders,field,Kolkata Knight Riders,RK Singh,Rajasthan Royals,Kolkata Knight Riders,152,5,158,3,0,0,1
1304094,2022-05-03,2022,Dr DY Patil Sports Academy,Navi Mumbai,Gujarat Titans,bat,Punjab Kings,K Rabada,Gujarat Titans,Punjab Kings,143,8,145,2,0,0,1
1304095,2022-05-04,2022,"Maharashtra Cricket Association Stadium, Pune",Pune,Chennai Super Kings,field,Royal Challengers Bangaluru,HV Patel,Royal Challengers Bangaluru,Chennai Super Kings,173,8,160,8,1,1,0
1304096,2022-05-05,2022,Brabourne Stadium,Mumbai,Sunrisers Hyderabad,field,Delhi Capitals,DA Warner,Delhi Capitals,Sunrisers Hyderabad,207,3,186,8,1,1,0
1304097,2022-05-06,2022,Brabourne Stadium,Mumbai,Gujarat Titans,field,Mumbai Indians,TH David,Mumbai Indians,Gujarat Titans,177,6,172,5,1,1,0
1304098,2022-05-07,2022,Wankhede Stadium,Mumbai,Punjab Kings,bat,Rajasthan Royals,YBK Jaiswal,Punjab Kings,Rajasthan Royals,189,5,190,4,0,0,1
1304099,2022-05-07,2022,"Maharashtra Cricket Association Stadium, Pune",Pune,Kolkata Knight Riders,field,Lucknow Super Giants,Avesh Khan,Lucknow Super Giants,Kolkata Knight Riders,176,7,101,10,1,1,0
1304100,2022-05-08,2022,Wankhede Stadium,Mumbai,Royal Challengers Bangaluru,bat,Royal Challengers Bangaluru,PWH de Silva,Royal Challengers Bangaluru,Sunrisers Hyderabad,192,3,125,10,1,1,0
1304101,2022-05-08,2022,Dr DY Patil Sports Academy,Navi Mumbai,Delhi Capitals,field,Chennai Super Kings,DP Conway,Chennai Super Kings,Delhi Capitals,208,6,117,10,1,1,0
1304102,2022-05-09,2022,Dr DY Patil Sports Academy,Navi Mumbai,Mumbai Indians,field,Kolkata Knight Riders,JJ Bumrah,Kolkata Knight Riders,Mumbai Indians,165,9,113,10,1,1,0
1304103,2022-05-10,2022,"Maharashtra Cricket Association Stadium, Pune",Pune,Gujarat Titans,bat,Gujarat Titans,Shubman Gill,Gujarat Titans,Lucknow Super Giants,144,4,82,10,1,1,0
1304104,2022-05-11,2022,Dr DY Patil Sports Academy,Navi Mumbai,Delhi Capitals,field,Delhi Capitals,MR Marsh,Rajasthan Royals,Delhi Capitals,160,6,161,2,0,0,1
1304105,2022-05-12,2022,Wankhede Stadium,Mumbai,Mumbai Indians,field,Mumbai Indians,DR Sams,Chennai Super Kings,Mumbai Indians,97,10,103,5,0,0,1
1304106,2022-05-13,2022,Brabourne Stadium,Mumbai,Royal Challengers Bangaluru,field,Punjab Kings,JM Bairstow,Punjab Kings,Royal Challengers Bangaluru,209,9,155,9,1,1,0
1304107,2022-05-14,2022,"Maharashtra Cricket Association Stadium, Pune",Pune,Kolkata Knight Riders,bat,Kolkata Knight Riders,AD Russell,Kolkata Knight Riders,Sunrisers Hyderabad,177,6,123,8,1,1,0
1304108,2022-05-15,2022,Wankhede Stadium,Mumbai,Chennai Super Kings,bat,Gujarat Titans,WP Saha,Chennai Super Kings,Gujarat Titans,133,5,137,3,0,0,1
1304109,2022-05-15,2022,Brabourne Stadium,Mumbai,Rajasthan Royals,bat,Rajasthan Royals,TA Boult,Rajasthan Royals,Lucknow Super Giants,178,6,154,8,1,1,0
1304110,2022-05-16,2022,Dr DY Patil Sports Academy,Navi Mumbai,Punjab Kings,field,Delhi Capitals,SN Thakur,Delhi Capitals,Punjab Kings,159,7,142,9,1,1,0
1304111,2022-05-17,2022,Wankhede Stadium,Mumbai,Mumbai Indians,field,Sunrisers Hyderabad,RA Tripathi,Sunrisers Hyderabad,Mumbai Indians,193,6,190,7,1,1,0
1304112,2022-05-18,2022,Dr DY Patil Sports Academy,Navi Mumbai,Lucknow Super Giants,bat,Lucknow Super Giants,Q de Kock,Lucknow Super Giants,Kolkata Knight Riders,210,0,208,8,1,1,0
1304113,2022-05-19,2022,Wankhede Stadium,Mumbai,Gujarat Titans,bat,Royal Challengers Bangaluru,V Kohli,Gujarat Titans,Royal Challengers Bangaluru,168,5,170,2,0,0,1
1304114,2022-05-20,2022,Brabourne Stadium,Mumbai,Chennai Super Kings,bat,Rajasthan Royals,R Ashwin,Chennai Super Kings,Rajasthan Royals,150,6,151,5,0,0,1
1304115,2022-05-21,2022,Wankhede Stadium,Mumbai,Mumbai Indians,field,Mumbai Indians,JJ Bumrah,Delhi Capitals,Mumbai Indians,159,7,160,5,0,0,1
1304116,2022-05-22,2022,Wankhede Stadium,Mumbai,Sunrisers Hyderabad,bat,Punjab Kings,Harpreet Brar,Sunrisers Hyderabad,Punjab Kings,157,8,160,5,0,0,1
1312197,2022-05-24,2022,Eden Gardens,Kolkata,Gujarat Titans,field,Gujarat Titans,DA Miller,Rajasthan Royals,Gujarat Titans,188,6,191,3,0,0,1
1312198,2022-05-25,2022,Eden Gardens,Kolkata,Lucknow Super Giants,field,Royal Challengers Bangaluru,RM Patidar,Royal Challengers Bangaluru,Lucknow Super Giants,207,4,193,6,1,1,0
1312199,2022-05-27,2022,Narendra Modi Stadium,Ahmedabad,Rajasthan Royals,field,Rajasthan Royals,JC Buttler,Royal Challengers Bangaluru,Rajasthan Royals,157,8,161,3,0,0,1
1312200,2022-05-29,2022,Narendra Modi Stadium,Ahmedabad,Rajasthan Royals,bat,Gujarat Titans,HH Pandya,Rajasthan Royals,Gujarat Titans,130,9,133,3,0,0,1
1359475,2023-03-31,2023,Narendra Modi Stadium,Ahmedabad,Gujarat Titans,field,Gujarat Titans,Rashid Khan,Chennai Super Kings,Gujarat Titans,178,7,182,5,0,0,1
1359476,2023-04-01,2023,"Punjab Cricket Association IS Bindra Stadium, Mohali, Chandigarh",Chandigarh,Kolkata Knight Riders,field,Punjab Kings,Arshdeep Singh,Punjab Kings,Kolkata Knight Riders,191,5,146,7,1,1,0
1359477,2023-04-01,2023,"Bharat Ratna Shri Atal Bihari Vajpayee Ekana Cricket Stadium, Lucknow",Lucknow,Delhi Capitals,field,Lucknow Super Giants,MA Wood,Lucknow Super Giants,Delhi Capitals,193,6,143,9,1,1,0
1359478,2023-04-02,2023,"Rajiv Gandhi International Stadium, Uppal, Hyderabad",Hyderabad,Sunrisers Hyderabad,field,Rajasthan Royals,JC Buttler,Rajasthan Royals,Sunrisers Hyderabad,203,5,131,8,1,1,0
1359479,2023-04-02,2023,"M Chinnaswamy Stadium, Bengaluru",Bengaluru,Royal Challengers Bangaluru,field,Royal Challengers Bangaluru,F du Plessis,Mumbai Indians,Royal Challengers Bangaluru,171,7,172,2,0,0,1
1359480,2023-04-03,2023,"MA Chidambaram Stadium, Chepauk, Chennai",Chennai,Lucknow Super Giants,field,Chennai Super Kings,MM Ali,Chennai Super Kings,Lucknow Super Giants,217,7,205,7,1,1,0
1359481,2023-04-04,2023,Arun Jaitley Stadium,Delhi,Gujarat Titans,field,Gujarat Titans,B Sai Sudharsan,Delhi Capitals,Gujarat Titans,162,8,163,4,0,0,1
1359482,2023-04-05,2023,"Barsapara Cricket Stadium, Guwahati",Guwahati,Rajasthan Royals,field,Punjab Kings,NT Ellis,Punjab Kings,Rajasthan Royals,197,4,192,7,1,1,0
1359483,2023-04-06,2023,Eden Gardens,Kolkata,Royal Challengers Bangaluru,field,Kolkata Knight Riders,SN Thakur,Kolkata Knight Riders,Royal Challengers Bangaluru,204,7,123,10,1,1,0
1359484,2023-04-07,2023,"Bharat Ratna Shri Atal Bihari Vajpayee Ekana Cricket Stadium, Lucknow",Lucknow,Sunrisers Hyderabad,bat,Lucknow Super Giants,KH Pandya,Sunrisers Hyderabad,Lucknow Super Giants,121,8,127,5,0,0,1
1359485,2023-04-08,2023,"Barsapara Cricket Stadium, Guwahati",Guwahati,Delhi Capitals,field,Rajasthan Royals,YBK Jaiswal,Rajasthan Royals,Delhi Capitals,199,4,142,9,1,1,0
1359486,2023-04-08,2023,Wankhede Stadium,Mumbai,Chennai Super Kings,field,Chennai Super Kings,RA Jadeja,Mumbai Indians,Chennai Super Kings,157,8,159,3,0,0,1
1359487,2023-04-09,2023,Narendra Modi Stadium,Ahmedabad,Gujarat Titans,bat,Kolkata Knight Riders,RK Singh,Gujarat Titans,Kolkata Knight Riders,204,4,207,7,0,0,1
1359488,2023-04-09,2023,"Rajiv Gandhi International Stadium, Uppal, Hyderabad",Hyderabad,Sunrisers Hyderabad,field,Sunrisers Hyderabad,S Dhawan,Punjab Kings,Sunrisers Hyderabad,143,9,145,2,0,0,1
1359489,2023-04-10,2023,"M Chinnaswamy Stadium, Bengaluru",Bengaluru,Lucknow Super Giants,field,Lucknow Super Giants,N Pooran,Royal Challengers Bangaluru,Lucknow Super Giants,212,2,213,9,0,0,1
1359490,2023-04-11,2023,Arun Jaitley Stadium,Delhi,Mumbai Indians,field,Mumbai Indians,RG Sharma,Delhi Capitals,Mumbai Indians,172,10,173,4,0,0,1
1359491,2023-04-12,2023,"MA Chidambaram Stadium, Chepauk, Chennai",Chennai,Chennai Super Kings,field,Rajasthan Royals,R Ashwin,Rajasthan Royals,Chennai Super Kings,175,8,172,6,1,1,0
1359492,2023-04-13,2023,"Punjab Cricket Association IS Bindra Stadium, Mohali, Chandigarh",Chandigarh,Gujarat Titans,field,Gujarat Titans,MM Sharma,Punjab Kings,Gujarat Titans,153,8,154,4,0,0,1
1359493,2023-04-14,2023,Eden Gardens,Kolkata,Kolkata Knight Riders,field,Sunrisers Hyderabad,HC Brook,Sunrisers Hyderabad,Kolkata Knight Riders,228,4,205,7,1,1,0
1359494,2023-04-15,2023,"M Chinnaswamy Stadium, Bengaluru",Bengaluru,Delhi Capitals,field,Royal Challengers Bangaluru,V Kohli,Royal Challengers Bangaluru,Delhi Capitals,174,6,151,9,1,1,0
1359495,2023-04-15,2023,"Bharat Ratna Shri Atal Bihari Vajpayee Ekana Cricket Stadium, Lucknow",Lucknow,Punjab Kings,field,Punjab Kings,Sikandar Raza,Lucknow Super Giants,Punjab Kings,159,8,161,8,0,0,1
1359496,2023-04-16,2023,Wankhede Stadium,Mumbai,Mumbai Indians,field,Mumbai Indians,VR Iyer,Kolkata Knight Riders,Mumbai Indians,185,6,186,5,0,0,1
1359497,2023-04-16,2023,Narendra Modi Stadium,Ahmedabad,Rajasthan Royals,field,Rajasthan Royals,SO Hetmyer,Gujarat Titans,Rajasthan Royals,177,7,179,7,0,0,1
1359498,2023-04-17,2023,"M Chinnaswamy Stadium, Bengaluru",Bengaluru,Royal Challengers Bangaluru,field,Chennai Super Kings,DP Conway,Chennai Super Kings,Royal Challengers Bangaluru,226,6,218,8,1,1,0
1359499,2023-04-18,2023,"Rajiv Gandhi International Stadium, Uppal, Hyderabad",Hyderabad,Sunrisers Hyderabad,field,Mumbai Indians,C Green,Mumbai Indians,Sunrisers Hyderabad,192,5,178,10,1,1,0
1359500,2023-04-19,2023,Sawai Mansingh Stadium,Jaipur,Rajasthan Royals,field,Lucknow Super Giants,MP Stoinis,Lucknow Super Giants,Rajasthan Royals,154,7,144,6,1,1,0
1359501,2023-04-20,2023,"Punjab Cricket Association IS Bindra Stadium, Mohali, Chandigarh",Chandigarh,Punjab Kings,field,Royal Challengers Bangaluru,Mohammed Siraj,Royal Challengers Bangaluru,Punjab Kings,174,4,150,10,1,1,0
1359502,2023-04-20,2023,Arun Jaitley Stadium,Delhi,Delhi Capitals,field,Delhi Capitals,I Sharma,Kolkata Knight Riders,Delhi Capitals,127,10,128,6,0,0,1
1359503,2023-04-21,2023,"MA Chidambaram Stadium, Chepauk, Chennai",Chennai,Chennai Super Kings,field,Chennai Super Kings,RA Jadeja,Sunrisers Hyderabad,Chennai Super Kings,134,7,138,3,0,0,1
1359504,2023-04-22,2023,"Bharat Ratna Shri Atal Bihari Vajpayee Ekana Cricket Stadium, Lucknow",Lucknow,Gujarat Titans,bat,Gujarat Titans,MM Sharma,Gujarat Titans,Lucknow Super Giants,135,6,128,7,1,1,0
1359505,2023-04-22,2023,Wankhede Stadium,Mumbai,Mumbai Indians,field,Punjab Kings,SM Curran,Punjab Kings,Mumbai Indians,214,8,201,6,1,1,0
1359506,2023-04-23,2023,"M Chinnaswamy Stadium, Bengaluru",Bengaluru,Rajasthan Royals,field,Royal Challengers Bangaluru,GJ Maxwell,Royal Challengers Bangaluru,Rajasthan Royals,189,9,182,6,1,1,0
1359507,2023-04-23,2023,Eden Gardens,Kolkata,Kolkata Knight Riders,field,Chennai Super Kings,AM Rahane,Chennai Super Kings,Kolkata Knight Riders,235,4,186,8,1,1,0
1359508,2023-04-24,2023,"Rajiv Gandhi International Stadium, Uppal, Hyderabad",Hyderabad,Delhi Capitals,bat,Delhi Capitals,AR Patel,Delhi Capitals,Sunrisers Hyderabad,144,9,137,6,1,1,0
1359509,2023-04-25,2023,Narendra Modi Stadium,Ahmedabad,Mumbai Indians,field,Gujarat Titans,A Manohar,Gujarat Titans,Mumbai Indians,207,6,152,9,1,1,0
1359510,2023-04-26,2023,"M Chinnaswamy Stadium, Bengaluru",Bengaluru,Royal Challengers Bangaluru,field,Kolkata Knight Riders,CV Varun,Kolkata Knight Riders,Royal Challengers Bangaluru,200,5,179,8,1,1,0
1359511,2023-04-27,2023,Sawai Mansingh Stadium,Jaipur,Rajasthan Royals,bat,Rajasthan Royals,YBK Jaiswal,Rajasthan Royals,Chennai Super Kings,202,5,170,6,1,1,0
1359512,2023-04-28,2023,"Punjab Cricket Association IS Bindra Stadium, Mohali, Chandigarh",Chandigarh,Punjab Kings,field,Lucknow Super Giants,MP Stoinis,Lucknow Super Giants,Punjab Kings,257,5,201,10,1,1,0
1359513,2023-04-29,2023,Eden Gardens,Kolkata,Gujarat Titans,field,Gujarat Titans,J Little,Kolkata Knight Riders,Gujarat Titans,179,7,180,3,0,0,1
1359514,2023-04-29,2023,Arun Jaitley Stadium,Delhi,Sunrisers Hyderabad,bat,Sunrisers Hyderabad,MR Marsh,Sunrisers Hyderabad,Delhi Capitals,197,6,188,6,1,1,0
1359515,2023-04-30,2023,"MA Chidambaram Stadium, Chepauk, Chennai",Chennai,Chennai Super Kings,bat,Punjab Kings,DP Conway,Chennai Super Kings,Punjab Kings,200,4,201,6,0,0,1
1359516,2023-04-30,2023,Wankhede Stadium,Mumbai,Rajasthan Royals,bat,Mumbai Indians,YBK Jaiswal,Rajasthan Royals,Mumbai Indians,212,7,214,4,0,0,1
1359517,2023-05-01,2023,"Bharat Ratna Shri Atal Bihari Vajpayee Ekana Cricket Stadium, Lucknow",Lucknow,Royal Challengers Bangaluru,bat,Royal Challengers Bangaluru,F du Plessis,Royal Challengers Bangaluru,Lucknow Super Giants,126,9,108,10,1,1,0
1359518,2023-05-02,2023,Narendra Modi Stadium,Ahmedabad,Delhi Capitals,bat,Delhi Capitals,Mohammed Shami,Delhi Capitals,Gujarat Titans,130,8,125,6,1,1,0
1359520,2023-05-03,2023,"Punjab Cricket Association IS Bindra Stadium, Mohali, Chandigarh",Chandigarh,Mumbai Indians,field,Mumbai Indians,Ishan Kishan,Punjab Kings,Mumbai Indians,214,3,216,4,0,0,1
1359521,2023-05-04,2023,"Rajiv Gandhi International Stadium, Uppal, Hyderabad",Hyderabad,Kolkata Knight Riders,bat,Kolkata Knight Riders,CV Varun,Kolkata Knight Riders,Sunrisers Hyderabad,171,9,166,8,1,1,0
1359522,2023-05-05,2023,Sawai Mansingh Stadium,Jaipur,Rajasthan Royals,bat,Gujarat Titans,Rashid Khan,Rajasthan Royals,Gujarat Titans,118,10,119,1,0,0,1
1359523,2023-05-06,2023,"MA Chidambaram Stadium, Chepauk, Chennai",Chennai,Chennai Super Kings,field,Chennai Super Kings,M Pathirana,Mumbai Indians,Chennai Super Kings,139,8,140,4,0,0,1
1359524,2023-05-06,2023,Arun Jaitley Stadium,Delhi,Royal Challengers Bangaluru,bat,Delhi Capitals,PD Salt,Royal Challengers Bangaluru,Delhi Capitals,181,4,187,3,0,0,1
1359525,2023-05-07,2023,Narendra Modi Stadium,Ahmedabad,Lucknow Super Giants,field,Gujarat Titans,Shubman Gill,Gujarat Titans,Lucknow Super Giants,227,2,171,7,1,1,0
1359526,2023-05-07,2023,Sawai Mansingh Stadium,Jaipur,Rajasthan Royals,bat,Sunrisers Hyderabad,GD Phillips,Rajasthan Royals,Sunrisers Hyderabad,214,2,217,6,0,0,1
1359527,2023-05-08,2023,Eden Gardens,Kolkata,Punjab Kings,bat,Kolkata Knight Riders,AD Russell,Punjab Kings,Kolkata Knight Riders,179,7,182,5,0,0,1
1359528,2023-05-09,2023,Wankhede Stadium,Mumbai,Mumbai Indians,field,Mumbai Indians,SA Yadav,Royal Challengers Bangaluru,Mumbai Indians,199,6,200,4,0,0,1
1359529,2023-05-10,2023,"MA Chidambaram Stadium, Chepauk, Chennai",Chennai,Chennai Super Kings,bat,Chennai Super Kings,RA Jadeja,Chennai Super Kings,Delhi Capitals,167,8,140,8,1,1,0
1359530,2023-05-11,2023,Eden Gardens,Kolkata,Rajasthan Royals,field,Rajasthan Royals,YBK Jaiswal,Kolkata Knight Riders,Rajasthan Royals,149,8,151,1,0,0,1
1359531,2023-05-12,2023,Wankhede Stadium,Mumbai,Gujarat Titans,field,Mumbai Indians,SA Yadav,Mumbai Indians,Gujarat Titans,218,5,191,8,1,1,0
1359532,2023-05-13,2023,"Rajiv Gandhi International Stadium, Uppal, Hyderabad",Hyderabad,Sunrisers Hyderabad,bat,Lucknow Super Giants,PN Mankad,Sunrisers Hyderabad,Lucknow Super Giants,182,6,185,3,0,0,1
1359533,2023-05-13,2023,Arun Jaitley Stadium,Delhi,Delhi Capitals,field,Punjab Kings,P Simran Singh,Punjab Kings,Delhi Capitals,167,7,136,8,1,1,0
1359534,2023-05-14,2023,Sawai Mansingh Stadium,Jaipur,Royal Challengers Bangaluru,bat,Royal Challengers Bangaluru,WD Parnell,Royal Challengers Bangaluru,Rajasthan Royals,171,5,59,10,1,1,0
1359535,2023-05-14,2023,"MA Chidambaram Stadium, Chepauk, Chennai",Chennai,Chennai Super Kings,bat,Kolkata Knight Riders,RK Singh,Chennai Super Kings,Kolkata Knight Riders,144,6,147,4,0,0,1
1359536,2023-05-15,2023,Narendra Modi Stadium,Ahmedabad,Sunrisers Hyderabad,field,Gujarat Titans,Shubman Gill,Gujarat Titans,Sunrisers Hyderabad,188,9,154,9,1,1,0
1359537,2023-05-16,2023,"Bharat Ratna Shri Atal Bihari Vajpayee Ekana Cricket Stadium, Lucknow",Lucknow,Mumbai Indians,field,Lucknow Super Giants,MP Stoinis,Lucknow Super Giants,Mumbai Indians,177,3,172,5,1,1,0
1359538,2023-05-17,2023,"Himachal Pradesh Cricket Association Stadium, Dharamsala",Dharamsala,Punjab Kings,field,Delhi Capitals,RR Rossouw,Delhi Capitals,Punjab Kings,213,2,198,8,1,1,0
1359539,2023-05-18,2023,"Rajiv Gandhi International Stadium, Uppal, Hyderabad",Hyderabad,Royal Challengers Bangaluru,field,Royal Challengers Bangaluru,V Kohli,Sunrisers Hyderabad,Royal Challengers Bangaluru,186,5,187,2,0,0,1
1359540,2023-05-19,2023,"Himachal Pradesh Cricket Association Stadium, Dharamsala",Dharamsala,Rajasthan Royals,field,Rajasthan Royals,D Padikkal,Punjab Kings,Rajasthan Royals,187,5,189,6,0,0,1
1359541,2023-05-20,2023,Arun Jaitley Stadium,Delhi,Chennai Super Kings,bat,Chennai Super Kings,RD Gaikwad,Chennai Super Kings,Delhi Capitals,223,3,146,9,1,1,0
1359542,2023-05-20,2023,Eden Gardens,Kolkata,Kolkata Knight Riders,field,Lucknow Super Giants,N Pooran,Lucknow Super Giants,Kolkata Knight Riders,176,8,175,7,1,1,0
1359543,2023-05-21,2023,Wankhede Stadium,Mumbai,Mumbai Indians,field,Mumbai Indians,C Green,Sunrisers Hyderabad,Mumbai Indians,200,5,201,2,0,0,1
1359544,2023-05-21,2023,"M Chinnaswamy Stadium, Bengaluru",Bengaluru,Gujarat Titans,field,Gujarat Titans,Shubman Gill,Royal Challengers Bangaluru,Gujarat Titans,197,5,198,4,0,0,1
1370350,2023-05-23,2023,"MA Chidambaram Stadium, Chepauk, Chennai",Chennai,Gujarat Titans,field,Chennai Super Kings,RD Gaikwad,Chennai Super Kings,Gujarat Titans,172,7,157,10,1,1,0
1370351,2023-05-24,2023,"MA Chidambaram Stadium, Chepauk, Chennai",Chennai,Mumbai Indians,bat,Mumbai Indians,Akash Madhwal,Mumbai Indians,Lucknow Super Giants,182,8,101,10,1,1,0
1370352,2023-05-26,2023,Narendra Modi Stadium,Ahmedabad,Mumbai Indians,field,Gujarat Titans,Shubman Gill,Gujarat Titans,Mumbai Indians,233,3,171,10,1,1,0
1370353,2023-05-29,2023,Narendra Modi Stadium,Ahmedabad,Chennai Super Kings,field,Chennai Super Kings,DP Conway,Gujarat Titans,Chennai Super Kings,214,4,171,5,0,0,1
1422119,2024-03-22,2024,"MA Chidambaram Stadium, Chepauk, Chennai",Chennai,Royal Challengers Bengaluru,bat,Chennai Super Kings,Mustafizur Rahman,Royal Challengers Bengaluru,Chennai Super Kings,173,6,176,4,0,0,1
1422120,2024-03-23,2024,"Maharaja Yadavindra Singh International Cricket Stadium, Mullanpur",Mohali,Punjab Kings,field,Punjab Kings,SM Curran,Delhi Capitals,Punjab Kings,174,9,177,6,0,0,1
1422121,2024-03-23,2024,Eden Gardens,Kolkata,Sunrisers Hyderabad,field,Kolkata Knight Riders,AD Russell,Kolkata Knight Riders,Sunrisers Hyderabad,208,7,204,7,1,1,0
1422122,2024-03-24,2024,Sawai Mansingh Stadium,Jaipur,Rajasthan Royals,bat,Rajasthan Royals,SV Samson,Rajasthan Royals,Lucknow Super Giants,193,4,173,6,1,1,0
1422123,2024-03-24,2024,Narendra Modi Stadium,Ahmedabad,Mumbai Indians,field,Gujarat Titans,B Sai Sudharsan,Gujarat Titans,Mumbai Indians,168,6,162,9,1,1,0
1422124,2024-03-25,2024,"M Chinnaswamy Stadium, Bengaluru",Bengaluru,Royal Challengers Bengaluru,field,Royal Challengers Bengaluru,V Kohli,Punjab Kings,Royal Challengers Bengaluru,176,6,178,6,0,0,1
1422125,2024-03-26,2024,"MA Chidambaram Stadium, Chepauk, Chennai",Chennai,Gujarat Titans,field,Chennai Super Kings,S Dube,Chennai Super Kings,Gujarat Titans,206,6,143,8,1,1,0
1422126,2024-03-27,2024,"Rajiv Gandhi International Stadium, Uppal, Hyderabad",Hyderabad,Mumbai Indians,field,Sunrisers Hyderabad,Abhishek Sharma,Sunrisers Hyderabad,Mumbai Indians,277,3,246,5,1,1,0
1422127,2024-03-28,2024,Sawai Mansingh Stadium,Jaipur,Delhi Capitals,field,Rajasthan Royals,R Parag,Rajasthan Royals,Delhi Capitals,185,5,173,5,1,1,0
1422128,2024-03-29,2024,"M Chinnaswamy Stadium, Bengaluru",Bengaluru,Kolkata Knight Riders,field,Kolkata Knight Riders,SP Narine,Royal Challengers Bengaluru,Kolkata Knight Riders,182,6,186,3,0,0,1
1422129,2024-03-30,2024,"Bharat Ratna Shri Atal Bihari Vajpayee Ekana Cricket Stadium, Lucknow",Lucknow,Lucknow Super Giants,bat,Lucknow Super Giants,MP Yadav,Lucknow Super Giants,Punjab Kings,199,8,178,5,1,1,0
1422130,2024-03-31,2024,Narendra Modi Stadium,Ahmedabad,Sunrisers Hyderabad,bat,Gujarat Titans,MM Sharma,Sunrisers Hyderabad,Gujarat Titans,162,8,168,3,0,0,1
1422131,2024-03-31,2024,"Dr. Y.S. Rajasekhara Reddy ACA-VDCA Cricket Stadium, Visakhapatnam",Visakhapatnam,Delhi Capitals,bat,Delhi Capitals,KK Ahmed,Delhi Capitals,Chennai Super Kings,191,5,171,6,1,1,0
1422132,2024-04-01,2024,Wankhede Stadium,Mumbai,Rajasthan Royals,field,Rajasthan Royals,TA Boult,Mumbai Indians,Rajasthan Royals,125,9,127,4,0,0,1
1422133,2024-04-02,2024,"M Chinnaswamy Stadium, Bengaluru",Bengaluru,Royal Challengers Bengaluru,field,Lucknow Super Giants,MP Yadav,Lucknow Super Giants,Royal Challengers Bengaluru,181,5,153,10,1,1,0
1422134,2024-04-03,2024,"Dr. Y.S. Rajasekhara Reddy ACA-VDCA Cricket Stadium, Visakhapatnam",Visakhapatnam,Kolkata Knight Riders,bat,Kolkata Knight Riders,SP Narine,Kolkata Knight Riders,Delhi Capitals,272,7,166,10,1,1,0
1422135,2024-04-04,2024,Narendra Modi Stadium,Ahmedabad,Punjab Kings,field,Punjab Kings,Shashank Singh,Gujarat Titans,Punjab Kings,199,4,200,7,0,0,1
1422136,2024-04-05,2024,"Rajiv Gandhi International Stadium, Uppal, Hyderabad",Hyderabad,Sunrisers Hyderabad,field,Sunrisers Hyderabad,Abhishek Sharma,Chennai Super Kings,Sunrisers Hyderabad,165,5,166,4,0,0,1
1422137,2024-04-06,2024,Sawai Mansingh Stadium,Jaipur,Rajasthan Royals,field,Rajasthan Royals,JC Buttler,Royal Challengers Bengaluru,Rajasthan Royals,183,3,189,4,0,0,1
1422138,2024-04-07,2024,Wankhede Stadium,Mumbai,Delhi Capitals,field,Mumbai Indians,R Shepherd,Mumbai Indians,Delhi Capitals,234,5,205,8,1,1,0
1422139,2024-04-07,2024,"Bharat Ratna Shri Atal Bihari Vajpayee Ekana Cricket Stadium, Lucknow",Lucknow,Lucknow Super Giants,bat,Lucknow Super Giants,Yash Thakur,Lucknow Super Giants,Gujarat Titans,163,5,130,10,1,1,0
1426260,2024-04-08,2024,"MA Chidambaram Stadium, Chepauk, Chennai",Chennai,Chennai Super Kings,field,Chennai Super Kings,RA Jadeja,Kolkata Knight Riders,Chennai Super Kings,137,9,141,3,0,0,1
1426261,2024-04-09,2024,"Maharaja Yadavindra Singh International Cricket Stadium, Mullanpur",Mohali,Punjab Kings,field,Sunrisers Hyderabad,Nithish Kumar Reddy,Sunrisers Hyderabad,Punjab Kings,182,9,180,6,1,1,0
1426262,2024-04-10,2024,Sawai Mansingh Stadium,Jaipur,Gujarat Titans,field,Gujarat Titans,Rashid Khan,Rajasthan Royals,Gujarat Titans,196,3,199,7,0,0,1
1426263,2024-04-11,2024,Wankhede Stadium,Mumbai,Mumbai Indians,field,Mumbai Indians,JJ Bumrah,Royal Challengers Bengaluru,Mumbai Indians,196,8,199,3,0,0,1
1426264,2024-04-12,2024,"Bharat Ratna Shri Atal Bihari Vajpayee Ekana Cricket Stadium, Lucknow",Lucknow,Lucknow Super Giants,bat,Delhi Capitals,Kuldeep Yadav,Lucknow Super Giants,Delhi Capitals,167,7,170,4,0,0,1
1426265,2024-04-13,2024,"Maharaja Yadavindra Singh International Cricket Stadium, Mullanpur",Mohali,Rajasthan Royals,field,Rajasthan Royals,SO Hetmyer,Punjab Kings,Rajasthan Royals,147,8,152,7,0,0,1
1426266,2024-04-14,2024,Eden Gardens,Kolkata,Kolkata Knight Riders,field,Kolkata Knight Riders,PD Salt,Lucknow Super Giants,Kolkata Knight Riders,161,7,162,2,0,0,1
1426267,2024-04-14,2024,Wankhede Stadium,Mumbai,Mumbai Indians,field,Chennai Super Kings,M Pathirana,Chennai Super Kings,Mumbai Indians,206,4,186,6,1,1,0
1426268,2024-04-15,2024,"M Chinnaswamy Stadium, Bengaluru",Bengaluru,Royal Challengers Bengaluru,field,Sunrisers Hyderabad,TM Head,Sunrisers Hyderabad,Royal Challengers Bengaluru,287,3,262,7,1,1,0
1426269,2024-04-16,2024,Eden Gardens,Kolkata,Rajasthan Royals,field,Rajasthan Royals,JC Buttler,Kolkata Knight Riders,Rajasthan Royals,223,6,224,8,0,0,1
1426270,2024-04-17,2024,Narendra Modi Stadium,Ahmedabad,Delhi Capitals,field,Delhi Capitals,RR Pant,Gujarat Titans,Delhi Capitals,89,10,92,4,0,0,1
1426271,2024-04-18,2024,"Maharaja Yadavindra Singh International Cricket Stadium, Mullanpur",Mohali,Punjab Kings,field,Mumbai Indians,JJ Bumrah,Mumbai Indians,Punjab Kings,192,7,183,10,1,1,0
1426272,2024-04-19,2024,"Bharat Ratna Shri Atal Bihari Vajpayee Ekana Cricket Stadium, Lucknow",Lucknow,Lucknow Super Giants,field,Lucknow Super Giants,KL Rahul,Chennai Super Kings,Lucknow Super Giants,176,6,180,2,0,0,1
1426273,2024-04-20,2024,Arun Jaitley Stadium,Delhi,Delhi Capitals,field,Sunrisers Hyderabad,TM Head,Sunrisers Hyderabad,Delhi Capitals,266,7,199,10,1,1,0
1426274,2024-04-21,2024,Eden Gardens,Kolkata,Royal Challengers Bengaluru,field,Kolkata Knight Riders,AD Russell,Kolkata Knight Riders,Royal Challengers Bengaluru,222,6,221,10,1,1,0
1426275,2024-04-21,2024,"Maharaja Yadavindra Singh International Cricket Stadium, Mullanpur",Mohali,Punjab Kings,bat,Gujarat Titans,R Sai Kishore,Punjab Kings,Gujarat Titans,142,10,146,7,0,0,1
1426276,2024-04-22,2024,Sawai Mansingh Stadium,Jaipur,Mumbai Indians,bat,Rajasthan Royals,Sandeep Sharma,Mumbai Indians,Rajasthan Royals,179,9,183,1,0,0,1
1426277,2024-04-23,2024,"MA Chidambaram Stadium, Chepauk, Chennai",Chennai,Lucknow Super Giants,field,Lucknow Super Giants,MP Stoinis,Chennai Super Kings,Lucknow Super Giants,210,4,213,4,0,0,1
1426278,2024-04-24,2024,Arun Jaitley Stadium,Delhi,Gujarat Titans,field,Delhi Capitals,RR Pant,Delhi Capitals,Gujarat Titans,224,4,220,8,1,1,0
1426279,2024-04-25,2024,"Rajiv Gandhi International Stadium, Uppal, Hyderabad",Hyderabad,Royal Challengers Bengaluru,bat,Royal Challengers Bengaluru,RM Patidar,Royal Challengers Bengaluru,Sunrisers Hyderabad,206,7,171,8,1,1,0
1426280,2024-04-26,2024,Eden Gardens,Kolkata,Punjab Kings,field,Punjab Kings,JM Bairstow,Kolkata Knight Riders,Punjab Kings,261,6,262,2,0,0,1
1426281,2024-04-27,2024,Arun Jaitley Stadium,Delhi,Mumbai Indians,field,Delhi Capitals,J Fraser-McGurk,Delhi Capitals,Mumbai Indians,257,4,247,9,1,1,0
1426282,2024-04-27,2024,"Bharat Ratna Shri Atal Bihari Vajpayee Ekana Cricket Stadium, Lucknow",Lucknow,Rajasthan Royals,field,Rajasthan Royals,SV Samson,Lucknow Super Giants,Rajasthan Royals,196,5,199,3,0,0,1
1426283,2024-04-28,2024,Narendra Modi Stadium,Ahmedabad,Royal Challengers Bengaluru,field,Royal Challengers Bengaluru,WG Jacks,Gujarat Titans,Royal Challengers Bengaluru,200,3,206,1,0,0,1
1426284,2024-04-28,2024,"MA Chidambaram Stadium, Chepauk, Chennai",Chennai,Sunrisers Hyderabad,field,Chennai Super Kings,RD Gaikwad,Chennai Super Kings,Sunrisers Hyderabad,212,3,134,10,1,1,0
1426285,2024-04-29,2024,Eden Gardens,Kolkata,Delhi Capitals,bat,Kolkata Knight Riders,CV Varun,Delhi Capitals,Kolkata Knight Riders,153,9,157,3,0,0,1
1426286,2024-04-30,2024,"Bharat Ratna Shri Atal Bihari Vajpayee Ekana Cricket Stadium, Lucknow",Lucknow,Lucknow Super Giants,field,Lucknow Super Giants,MP Stoinis,Mumbai Indians,Lucknow Super Giants,144,7,145,6,0,0,1
1426287,2024-05-01,2024,"MA Chidambaram Stadium, Chepauk, Chennai",Chennai,Punjab Kings,field,Punjab Kings,Harpreet Brar,Chennai Super Kings,Punjab Kings,162,7,163,3,0,0,1
1426288,2024-05-02,2024,"Rajiv Gandhi International Stadium, Uppal, Hyderabad",Hyderabad,Sunrisers Hyderabad,bat,Sunrisers Hyderabad,B Kumar,Sunrisers Hyderabad,Rajasthan Royals,201,3,200,7,1,1,0
1426289,2024-05-03,2024,Wankhede Stadium,Mumbai,Mumbai Indians,field,Kolkata Knight Riders,VR Iyer,Kolkata Knight Riders,Mumbai Indians,169,10,145,10,1,1,0
1426290,2024-05-04,2024,"M Chinnaswamy Stadium, Bengaluru",Bengaluru,Royal Challengers Bengaluru,field,Royal Challengers Bengaluru,Mohammed Siraj,Gujarat Titans,Royal Challengers Bengaluru,147,10,152,6,0,0,1
1426291,2024-05-05,2024,"Himachal Pradesh Cricket Association Stadium, Dharamsala",Dharamsala,Punjab Kings,field,Chennai Super Kings,RA Jadeja,Chennai Super Kings,Punjab Kings,167,9,139,9,1,1,0
1426292,2024-05-05,2024,"Bharat Ratna Shri Atal Bihari Vajpayee Ekana Cricket Stadium, Lucknow",Lucknow,Lucknow Super Giants,field,Kolkata Knight Riders,SP Narine,Kolkata Knight Riders,Lucknow Super Giants,235,6,137,10,1,1,0
1426293,2024-05-06,2024,Wankhede Stadium,Mumbai,Mumbai Indians,field,Mumbai Indians,SA Yadav,Sunrisers Hyderabad,Mumbai Indians,173,8,174,3,0,0,1
1426294,2024-05-07,2024,Arun Jaitley Stadium,Delhi,Rajasthan Royals,field,Delhi Capitals,Kuldeep Yadav,Delhi Capitals,Rajasthan Royals,221,8,201,8,1,1,0
1426295,2024-05-08,2024,"Rajiv Gandhi International Stadium, Uppal, Hyderabad",Hyderabad,Lucknow Super Giants,bat,Sunrisers Hyderabad,TM Head,Lucknow Super Giants,Sunrisers Hyderabad,165,4,167,0,0,0,1
1426296,2024-05-09,2024,"Himachal Pradesh Cricket Association Stadium, Dharamsala",Dharamsala,Punjab Kings,field,Royal Challengers Bengaluru,V Kohli,Royal Challengers Bengaluru,Punjab Kings,241,7,181,10,1,1,0
1426297,2024-05-10,2024,Narendra Modi Stadium,Ahmedabad,Chennai Super Kings,field,Gujarat Titans,Shubman Gill,Gujarat Titans,Chennai Super Kings,231,3,196,8,1,1,0
1426298,2024-05-11,2024,Eden Gardens,Kolkata,Mumbai Indians,field,Kolkata Knight Riders,CV Varun,Kolkata Knight Riders,Mumbai Indians,157,7,139,8,1,1,0
1426299,2024-05-12,2024,"MA Chidambaram Stadium, Chepauk, Chennai",Chennai,Rajasthan Royals,bat,Chennai Super Kings,Simarjeet Singh,Rajasthan Royals,Chennai Super Kings,141,5,145,5,0,0,1
1426300,2024-05-12,2024,"M Chinnaswamy Stadium, Bengaluru",Bengaluru,Delhi Capitals,field,Royal Challengers Bengaluru,C Green,Royal Challengers Bengaluru,Delhi Capitals,187,9,140,10,1,1,0
1426302,2024-05-14,2024,Arun Jaitley Stadium,Delhi,Lucknow Super Giants,field,Delhi Capitals,I Sharma,Delhi Capitals,Lucknow Super Giants,208,4,189,9,1,1,0
1426303,2024-05-15,2024,"Barsapara Cricket Stadium, Guwahati",Guwahati,Rajasthan Royals,bat,Punjab Kings,SM Curran,Rajasthan Royals,Punjab Kings,144,9,145,5,0,0,1
1426305,2024-05-17,2024,Wankhede Stadium,Mumbai,Mumbai Indians,field,Lucknow Super Giants,N Pooran,Lucknow Super Giants,Mumbai Indians,214,6,196,6,1,1,0
1426306,2024-05-18,2024,"M Chinnaswamy Stadium, Bengaluru",Bengaluru,Chennai Super Kings,field,Royal Challengers Bengaluru,F du Plessis,Royal Challengers Bengaluru,Chennai Super Kings,218,5,191,7,1,1,0
1426307,2024-05-19,2024,"Rajiv Gandhi International Stadium, Uppal, Hyderabad",Hyderabad,Punjab Kings,bat,Sunrisers Hyderabad,Abhishek Sharma,Punjab Kings,Sunrisers Hyderabad,214,5,215,6,0,0,1
1426309,2024-05-21,2024,Narendra Modi Stadium,Ahmedabad,Sunrisers Hyderabad,bat,Kolkata Knight Riders,MA Starc,Sunrisers Hyderabad,Kolkata Knight Riders,159,10,164,2,0,0,1
1426310,2024-05-22,2024,Narendra Modi Stadium,Ahmedabad,Rajasthan Royals,field,Rajasthan Royals,R Ashwin,Royal Challengers Bengaluru,Rajasthan Royals,172,8,174,6,0,0,1
1426311,2024-05-24,2024,"MA Chidambaram Stadium, Chepauk, Chennai",Chennai,Rajasthan Royals,field,Sunrisers Hyderabad,Shahbaz Ahmed,Sunrisers Hyderabad,Rajasthan Royals,175,9,139,7,1,1,0
1426312,2024-05-26,2024,"MA Chidambaram Stadium, Chepauk, Chennai",Chennai,Sunrisers Hyderabad,bat,Kolkata Knight Riders,MA Starc,Sunrisers Hyderabad,Kolkata Knight Riders,113,10,114,2,0,0,1
1473438,2025-03-22,2025,Eden Gardens,Kolkata,Royal Challengers Bengaluru,field,Royal Challengers Bengaluru,KH Pandya,Kolkata Knight Riders,Royal Challengers Bengaluru,174,8,177,3,0,0,1
1473439,2025-03-23,2025,"Rajiv Gandhi International Stadium, Uppal, Hyderabad",Hyderabad,Rajasthan Royals,field,Sunrisers Hyderabad,Ishan Kishan,Sunrisers Hyderabad,Rajasthan Royals,286,6,242,6,1,1,0
1473440,2025-03-23,2025,"MA Chidambaram Stadium, Chepauk, Chennai",Chennai,Chennai Super Kings,field,Chennai Super Kings,Noor Ahmad,Mumbai Indians,Chennai Super Kings,155,9,158,6,0,0,1
1473441,2025-03-24,2025,"Dr. Y.S. Rajasekhara Reddy ACA-VDCA Cricket Stadium, Visakhapatnam",Visakhapatnam,Delhi Capitals,field,Delhi Capitals,Ashutosh Sharma,Lucknow Super Giants,Delhi Capitals,209,8,211,9,0,0,1
1473442,2025-03-25,2025,Narendra Modi Stadium,Ahmedabad,Gujarat Titans,field,Punjab Kings,SS Iyer,Punjab Kings,Gujarat Titans,243,5,232,5,1,1,0
1473443,2025-03-26,2025,"Barsapara Cricket Stadium, Guwahati",Guwahati,Kolkata Knight Riders,field,Kolkata Knight Riders,Q de Kock,Rajasthan Royals,Kolkata Knight Riders,151,9,153,2,0,0,1
1473444,2025-03-27,2025,"Rajiv Gandhi International Stadium, Uppal, Hyderabad",Hyderabad,Lucknow Super Giants,field,Lucknow Super Giants,SN Thakur,Sunrisers Hyderabad,Lucknow Super Giants,190,9,193,5,0,0,1
1473445,2025-03-28,2025,"MA Chidambaram Stadium, Chepauk, Chennai",Chennai,Chennai Super Kings,field,Royal Challengers Bengaluru,RM Patidar,Royal Challengers Bengaluru,Chennai Super Kings,196,7,146,8,1,1,0
1473446,2025-03-29,2025,Narendra Modi Stadium,Ahmedabad,Mumbai Indians,field,Gujarat Titans,M Prasidh Krishna,Gujarat Titans,Mumbai Indians,196,8,160,6,1,1,0
1473447,2025-03-30,2025,"Dr. Y.S. Rajasekhara Reddy ACA-VDCA Cricket Stadium, Visakhapatnam",Visakhapatnam,Sunrisers Hyderabad,bat,Delhi Capitals,MA Starc,Sunrisers Hyderabad,Delhi Capitals,163,10,166,3,0,0,1
1473448,2025-03-30,2025,"Barsapara Cricket Stadium, Guwahati",Guwahati,Chennai Super Kings,field,Rajasthan Royals,N Rana,Rajasthan Royals,Chennai Super Kings,182,9,176,6,1,1,0
1473449,2025-03-31,2025,Wankhede Stadium,Mumbai,Mumbai Indians,field,Mumbai Indians,Ashwani Kumar,Kolkata Knight Riders,Mumbai Indians,116,10,121,2,0,0,1
1473450,2025-04-01,2025,"Bharat Ratna Shri Atal Bihari Vajpayee Ekana Cricket Stadium, Lucknow",Lucknow,Punjab Kings,field,Punjab Kings,P Simran Singh,Lucknow Super Giants,Punjab Kings,171,7,177,2,0,0,1
1473451,2025-04-02,2025,"M Chinnaswamy Stadium, Bengaluru",Bengaluru,Gujarat Titans,field,Gujarat Titans,Mohammed Siraj,Royal Challengers Bengaluru,Gujarat Titans,169,8,170,2,0,0,1
1473452,2025-04-03,2025,Eden Gardens,Kolkata,Sunrisers Hyderabad,field,Kolkata Knight Riders,VG Arora,Kolkata Knight Riders,Sunrisers Hyderabad,200,6,120,10,1,1,0
1473453,2025-04-04,2025,"Bharat Ratna Shri Atal Bihari Vajpayee Ekana Cricket Stadium, Lucknow",Lucknow,Mumbai Indians,field,Lucknow Super Giants,DS Rathi,Lucknow Super Giants,Mumbai Indians,203,8,191,5,1,1,0
1473454,2025-04-05,2025,"MA Chidambaram Stadium, Chepauk, Chennai",Chennai,Delhi Capitals,bat,Delhi Capitals,KL Rahul,Delhi Capitals,Chennai Super Kings,183,6,158,5,1,1,0
1473455,2025-04-05,2025,"Maharaja Yadavindra Singh International Cricket Stadium, Mullanpur",Mohali,Punjab Kings,field,Rajasthan Royals,JC Archer,Rajasthan Royals,Punjab Kings,205,4,155,9,1,1,0
1473456,2025-04-08,2025,Eden Gardens,Kolkata,Kolkata Knight Riders,field,Lucknow Super Giants,N Pooran,Lucknow Super Giants,Kolkata Knight Riders,238,3,234,7,1,1,0
1473457,2025-04-06,2025,"Rajiv Gandhi International Stadium, Uppal, Hyderabad",Hyderabad,Gujarat Titans,field,Gujarat Titans,Mohammed Siraj,Sunrisers Hyderabad,Gujarat Titans,152,8,153,3,0,0,1
1473458,2025-04-07,2025,Wankhede Stadium,Mumbai,Mumbai Indians,field,Royal Challengers Bengaluru,RM Patidar,Royal Challengers Bengaluru,Mumbai Indians,221,5,209,9,1,1,0
1473459,2025-04-08,2025,"Maharaja Yadavindra Singh International Cricket Stadium, Mullanpur",Mohali,Punjab Kings,bat,Punjab Kings,Priyansh Arya,Punjab Kings,Chennai Super Kings,219,6,201,5,1,1,0
1473460,2025-04-09,2025,Narendra Modi Stadium,Ahmedabad,Rajasthan Royals,field,Gujarat Titans,B Sai Sudharsan,Gujarat Titans,Rajasthan Royals,217,6,159,10,1,1,0
1473461,2025-04-10,2025,"M Chinnaswamy Stadium, Bengaluru",Bengaluru,Delhi Capitals,field,Delhi Capitals,KL Rahul,Royal Challengers Bengaluru,Delhi Capitals,163,7,169,4,0,0,1
1473462,2025-04-11,2025,"MA Chidambaram Stadium, Chepauk, Chennai",Chennai,Kolkata Knight Riders,field,Kolkata Knight Riders,SP Narine,Chennai Super Kings,Kolkata Knight Riders,103,9,107,2,0,0,1
1473463,2025-04-12,2025,"Bharat Ratna Shri Atal Bihari Vajpayee Ekana Cricket Stadium, Lucknow",Lucknow,Lucknow Super Giants,field,Lucknow Super Giants,AK Markram,Gujarat Titans,Lucknow Super Giants,180,6,186,4,0,0,1
1473464,2025-04-12,2025,"Rajiv Gandhi International Stadium, Uppal, Hyderabad",Hyderabad,Punjab Kings,bat,Sunrisers Hyderabad,Abhishek Sharma,Punjab Kings,Sunrisers Hyderabad,245,6,247,2,0,0,1
1473465,2025-04-13,2025,Sawai Mansingh Stadium,Jaipur,Royal Challengers Bengaluru,field,Royal Challengers Bengaluru,PD Salt,Rajasthan Royals,Royal Challengers Bengaluru,173,4,175,1,0,0,1
1473466,2025-04-13,2025,Arun Jaitley Stadium,Delhi,Delhi Capitals,field,Mumbai Indians,KV Sharma,Mumbai Indians,Delhi Capitals,205,5,193,10,1,1,0
1473467,2025-04-14,2025,"Bharat Ratna Shri Atal Bihari Vajpayee Ekana Cricket Stadium, Lucknow",Lucknow,Chennai Super Kings,field,Chennai Super Kings,MS Dhoni,Lucknow Super Giants,Chennai Super Kings,166,7,168,5,0,0,1
1473468,2025-04-15,2025,"Maharaja Yadavindra Singh International Cricket Stadium, Mullanpur",Mohali,Punjab Kings,bat,Punjab Kings,YS Chahal,Punjab Kings,Kolkata Knight Riders,111,10,95,10,1,1,0
1473469,2025-04-16,2025,Arun Jaitley Stadium,Delhi,Rajasthan Royals,field,Unknown,MA Starc,Delhi Capitals,Rajasthan Royals,188,5,188,4,0,0,0
1473470,2025-04-17,2025,Wankhede Stadium,Mumbai,Mumbai Indians,field,Mumbai Indians,WG Jacks,Sunrisers Hyderabad,Mumbai Indians,162,5,166,6,0,0,1
1473471,2025-04-18,2025,"M Chinnaswamy Stadium, Bengaluru",Bengaluru,Punjab Kings,field,Punjab Kings,TH David,Royal Challengers Bengaluru,Punjab Kings,95,9,98,5,0,0,1
1473472,2025-04-19,2025,Narendra Modi Stadium,Ahmedabad,Gujarat Titans,field,Gujarat Titans,JC Buttler,Delhi Capitals,Gujarat Titans,203,8,204,3,0,0,1
1473473,2025-04-19,2025,Sawai Mansingh Stadium,Jaipur,Lucknow Super Giants,bat,Lucknow Super Giants,Avesh Khan,Lucknow Super Giants,Rajasthan Royals,180,5,178,5,1,1,0
1473474,2025-04-20,2025,"Maharaja Yadavindra Singh International Cricket Stadium, Mullanpur",Mohali,Royal Challengers Bengaluru,field,Royal Challengers Bengaluru,V Kohli,Punjab Kings,Royal Challengers Bengaluru,157,6,159,3,0,0,1
1473475,2025-04-20,2025,Wankhede Stadium,Mumbai,Mumbai Indians,field,Mumbai Indians,RG Sharma,Chennai Super Kings,Mumbai Indians,176,5,177,1,0,0,1
1473476,2025-04-21,2025,Eden Gardens,Kolkata,Kolkata Knight Riders,field,Gujarat Titans,Shubman Gill,Gujarat Titans,Kolkata Knight Riders,198,3,159,8,1,1,0
1473477,2025-04-22,2025,"Bharat Ratna Shri Atal Bihari Vajpayee Ekana Cricket Stadium, Lucknow",Lucknow,Delhi Capitals,field,Delhi Capitals,Mukesh Kumar,Lucknow Super Giants,Delhi Capitals,159,6,161,2,0,0,1
1473478,2025-04-23,2025,"Rajiv Gandhi International Stadium, Uppal, Hyderabad",Hyderabad,Mumbai Indians,field,Mumbai Indians,TA Boult,Sunrisers Hyderabad,Mumbai Indians,143,8,146,3,0,0,1
1473479,2025-04-24,2025,"M Chinnaswamy Stadium, Bengaluru",Bengaluru,Rajasthan Royals,field,Royal Challengers Bengaluru,JR Hazlewood,Royal Challengers Bengaluru,Rajasthan Royals,205,5,194,9,1,1,0
1473480,2025-04-25,2025,"MA Chidambaram Stadium, Chepauk, Chennai",Chennai,Sunrisers Hyderabad,field,Sunrisers Hyderabad,HV Patel,Chennai Super Kings,Sunrisers Hyderabad,154,10,155,5,0,0,1
1473481,2025-04-26,2025,Eden Gardens,Kolkata,Punjab Kings,bat,Unknown,Unknown,Punjab Kings,Kolkata Knight Riders,201,4,7,0,0,0,0
1473482,2025-04-27,2025,Wankhede Stadium,Mumbai,Lucknow Super Giants,field,Mumbai Indians,WG Jacks,Mumbai Indians,Lucknow Super Giants,215,7,161,10,1,1,0
1473483,2025-04-27,2025,Arun Jaitley Stadium,Delhi,Royal Challengers Bengaluru,field,Royal Challengers Bengaluru,KH Pandya,Delhi Capitals,Royal Challengers Bengaluru,162,8,165,4,0,0,1
1473484,2025-04-28,2025,Sawai Mansingh Stadium,Jaipur,Rajasthan Royals,field,Rajasthan Royals,V Suryavanshi,Gujarat Titans,Rajasthan Royals,209,4,212,2,0,0,1
1473485,2025-04-29,2025,Arun Jaitley Stadium,Delhi,Delhi Capitals,field,Kolkata Knight Riders,SP Narine,Kolkata Knight Riders,Delhi Capitals,204,9,190,9,1,1,0
1473486,2025-04-30,2025,"MA Chidambaram Stadium, Chepauk, Chennai",Chennai,Punjab Kings,field,Punjab Kings,SS Iyer,Chennai Super Kings,Punjab Kings,190,10,194,6,0,0,1
1473487,2025-05-01,2025,Sawai Mansingh Stadium,Jaipur,Rajasthan Royals,field,Mumbai Indians,RD Rickelton,Mumbai Indians,Rajasthan Royals,217,2,117,10,1,1,0
1473488,2025-05-02,2025,Narendra Modi Stadium,Ahmedabad,Sunrisers Hyderabad,field,Gujarat Titans,M Prasidh Krishna,Gujarat Titans,Sunrisers Hyderabad,224,6,186,6,1,1,0
1473489,2025-05-03,2025,"M Chinnaswamy Stadium, Bengaluru",Bengaluru,Chennai Super Kings,field,Royal Challengers Bengaluru,R Shepherd,Royal Challengers Bengaluru,Chennai Super Kings,213,5,211,5,1,1,0
1473490,2025-05-04,2025,Eden Gardens,Kolkata,Kolkata Knight Riders,bat,Kolkata Knight Riders,AD Russell,Kolkata Knight Riders,Rajasthan Royals,206,4,205,8,1,1,0
1473491,2025-05-04,2025,"Himachal Pradesh Cricket Association Stadium, Dharamsala",Dharamsala,Lucknow Super Giants,field,Punjab Kings,P Simran Singh,Punjab Kings,Lucknow Super Giants,236,5,199,7,1,1,0
1473493,2025-05-06,2025,Wankhede Stadium,Mumbai,Gujarat Titans,field,Gujarat Titans,Shubman Gill,Mumbai Indians,Gujarat Titans,155,8,147,7,0,0,1
1473494,2025-05-07,2025,Eden Gardens,Kolkata,Kolkata Knight Riders,bat,Chennai Super Kings,Noor Ahmad,Kolkata Knight Riders,Chennai Super Kings,179,6,183,8,0,0,1
1473497,2025-05-18,2025,Sawai Mansingh Stadium,Jaipur,Punjab Kings,bat,Punjab Kings,Harpreet Brar,Punjab Kings,Rajasthan Royals,219,5,209,7,1,1,0
1473498,2025-05-18,2025,Arun Jaitley Stadium,Delhi,Gujarat Titans,field,Gujarat Titans,B Sai Sudharsan,Delhi Capitals,Gujarat Titans,199,3,205,0,0,0,1
1473499,2025-05-19,2025,"Bharat Ratna Shri Atal Bihari Vajpayee Ekana Cricket Stadium, Lucknow",Lucknow,Sunrisers Hyderabad,field,Sunrisers Hyderabad,Abhishek Sharma,Lucknow Super Giants,Sunrisers Hyderabad,205,7,206,4,0,0,1
1473500,2025-05-20,2025,Arun Jaitley Stadium,Delhi,Rajasthan Royals,field,Rajasthan Royals,Akash Madhwal,Chennai Super Kings,Rajasthan Royals,187,8,188,4,0,0,1
1473501,2025-05-21,2025,Wankhede Stadium,Mumbai,Delhi Capitals,field,Mumbai Indians,SA Yadav,Mumbai Indians,Delhi Capitals,180,5,121,10,1,1,0
1473502,2025-05-22,2025,Narendra Modi Stadium,Ahmedabad,Gujarat Titans,field,Lucknow Super Giants,MR Marsh,Lucknow Super Giants,Gujarat Titans,235,2,202,9,1,1,0
1473503,2025-05-23,2025,"Bharat Ratna Shri Atal Bihari Vajpayee Ekana Cricket Stadium, Lucknow",Lucknow,Royal Challengers Bengaluru,field,Sunrisers Hyderabad,Ishan Kishan,Sunrisers Hyderabad,Royal Challengers Bengaluru,231,6,189,10,1,1,0
1473504,2025-05-25,2025,Narendra Modi Stadium,Ahmedabad,Chennai Super Kings,bat,Chennai Super Kings,D Brevis,Chennai Super Kings,Gujarat Titans,230,5,147,10,1,1,0
1473505,2025-05-25,2025,Arun Jaitley Stadium,Delhi,Sunrisers Hyderabad,bat,Sunrisers Hyderabad,H Klaasen,Sunrisers Hyderabad,Kolkata Knight Riders,278,3,168,10,1,1,0
1473506,2025-05-26,2025,Sawai Mansingh Stadium,Jaipur,Punjab Kings,field,Punjab Kings,JP Inglis,Mumbai Indians,Punjab Kings,184,7,187,3,0,0,1
1473507,2025-05-27,2025,"Bharat Ratna Shri Atal Bihari Vajpayee Ekana Cricket Stadium, Lucknow",Lucknow,Royal Challengers Bengaluru,field,Royal Challengers Bengaluru,JM Sharma,Lucknow Super Giants,Royal Challengers Bengaluru,227,3,230,4,0,0,1
1473508,2025-05-29,2025,"Maharaja Yadavindra Singh International Cricket Stadium, Mullanpur",New Chandigarh,Royal Challengers Bengaluru,field,Royal Challengers Bengaluru,Suyash Sharma,Punjab Kings,Royal Challengers Bengaluru,101,10,106,2,0,0,1
1473509,2025-05-30,2025,"Maharaja Yadavindra Singh International Cricket Stadium, New Chandigarh",New Chandigarh,Mumbai Indians,bat,Mumbai Indians,RG Sharma,Mumbai Indians,Gujarat Titans,228,5,208,6,1,1,0
1473510,2025-06-01,2025,Narendra Modi Stadium,Ahmedabad,Punjab Kings,field,Punjab Kings,SS Iyer,Mumbai Indians,Punjab Kings,203,6,207,5,0,0,1
1473511,2025-06-03,2025,Narendra Modi Stadium,Ahmedabad,Punjab Kings,field,Royal Challengers Bengaluru,KH Pandya,Royal Challengers Bengaluru,Punjab Kings,190,9,184,7,1,1,0
1485779,2025-05-24,2025,Sawai Mansingh Stadium,Jaipur,Delhi Capitals,field,Delhi Capitals,Sameer Rizvi,Punjab Kings,Delhi Capitals,206,8,208,4,0,0,1
1527674,2026-03-28,2026,"M Chinnaswamy Stadium, Bengaluru",Bengaluru,Royal Challengers Bengaluru,field,Royal Challengers Bengaluru,JA Duffy,Sunrisers Hyderabad,Royal Challengers Bengaluru,201,9,203,4,0,0,1
1527675,2026-03-29,2026,Wankhede Stadium,Mumbai,Mumbai Indians,field,Mumbai Indians,SN Thakur,Kolkata Knight Riders,Mumbai Indians,220,4,224,4,0,0,1
1527676,2026-03-30,2026,"Barsapara Cricket Stadium, Guwahati",Guwahati,Rajasthan Royals,field,Rajasthan Royals,N Burger,Chennai Super Kings,Rajasthan Royals,127,10,128,2,0,0,1
1527677,2026-03-31,2026,"Maharaja Yadavindra Singh International Cricket Stadium, New Chandigarh",New Chandigarh,Punjab Kings,field,Punjab Kings,C Connolly,Gujarat Titans,Punjab Kings,162,6,165,7,0,0,1
1527678,2026-04-01,2026,"Bharat Ratna Shri Atal Bihari Vajpayee Ekana Cricket Stadium, Lucknow",Lucknow,Delhi Capitals,field,Delhi Capitals,Sameer Rizvi,Lucknow Super Giants,Delhi Capitals,141,10,145,4,0,0,1
1527679,2026-04-02,2026,Eden Gardens,Kolkata,Kolkata Knight Riders,field,Sunrisers Hyderabad,Nithish Kumar Reddy,Sunrisers Hyderabad,Kolkata Knight Riders,226,8,161,10,1,1,0
1527680,2026-04-03,2026,"MA Chidambaram Stadium, Chepauk, Chennai",Chennai,Punjab Kings,field,Punjab Kings,Priyansh Arya,Chennai Super Kings,Punjab Kings,209,5,210,5,0,0,1
1527681,2026-04-04,2026,Arun Jaitley Stadium,Delhi,Delhi Capitals,field,Delhi Capitals,Sameer Rizvi,Mumbai Indians,Delhi Capitals,162,6,164,4,0,0,1
1527682,2026-04-04,2026,Narendra Modi Stadium,Ahmedabad,Rajasthan Royals,bat,Rajasthan Royals,Ravi Bishnoi,Rajasthan Royals,Gujarat Titans,210,6,204,8,1,1,0
1527683,2026-04-05,2026,"Rajiv Gandhi International Stadium, Uppal, Hyderabad",Hyderabad,Lucknow Super Giants,field,Lucknow Super Giants,Mohammed Shami,Sunrisers Hyderabad,Lucknow Super Giants,156,9,160,5,0,0,1
1527684,2026-04-05,2026,"M Chinnaswamy Stadium, Bengaluru",Bengaluru,Chennai Super Kings,field,Royal Challengers Bengaluru,TH David,Royal Challengers Bengaluru,Chennai Super Kings,250,3,207,10,1,1,0
1527686,2026-04-07,2026,"Barsapara Cricket Stadium, Guwahati",Guwahati,Mumbai Indians,field,Rajasthan Royals,YBK Jaiswal,Rajasthan Royals,Mumbai Indians,150,3,123,9,1,1,0
1527687,2026-04-08,2026,Arun Jaitley Stadium,Delhi,Delhi Capitals,field,Gujarat Titans,Rashid Khan,Gujarat Titans,Delhi Capitals,210,4,209,8,1,1,0
1527688,2026-04-09,2026,Eden Gardens,Kolkata,Lucknow Super Giants,field,Lucknow Super Giants,MD Choudhary,Kolkata Knight Riders,Lucknow Super Giants,181,4,182,7,0,0,1
1527689,2026-04-10,2026,"Barsapara Cricket Stadium, Guwahati",Guwahati,Rajasthan Royals,field,Rajasthan Royals,V Suryavanshi,Royal Challengers Bengaluru,Rajasthan Royals,201,8,202,4,0,0,1
1527690,2026-04-11,2026,"Maharaja Yadavindra Singh International Cricket Stadium, New Chandigarh",New Chandigarh,Punjab Kings,field,Punjab Kings,SS Iyer,Sunrisers Hyderabad,Punjab Kings,219,6,223,4,0,0,1
1527691,2026-04-11,2026,"MA Chidambaram Stadium, Chepauk, Chennai",Chennai,Delhi Capitals,field,Chennai Super Kings,SV Samson,Chennai Super Kings,Delhi Capitals,212,2,189,10,1,1,0
1527692,2026-04-12,2026,"Bharat Ratna Shri Atal Bihari Vajpayee Ekana Cricket Stadium, Lucknow",Lucknow,Gujarat Titans,field,Gujarat Titans,M Prasidh Krishna,Lucknow Super Giants,Gujarat Titans,164,8,165,3,0,0,1
1527693,2026-04-12,2026,Wankhede Stadium,Mumbai,Mumbai Indians,field,Royal Challengers Bengaluru,PD Salt,Royal Challengers Bengaluru,Mumbai Indians,240,4,222,5,1,1,0
1529264,2026-04-13,2026,"Rajiv Gandhi International Stadium, Uppal, Hyderabad",Hyderabad,Rajasthan Royals,field,Sunrisers Hyderabad,PP Hinge,Sunrisers Hyderabad,Rajasthan Royals,216,6,159,10,1,1,0
1529265,2026-04-14,2026,"MA Chidambaram Stadium, Chepauk, Chennai",Chennai,Kolkata Knight Riders,field,Chennai Super Kings,Noor Ahmad,Chennai Super Kings,Kolkata Knight Riders,192,5,160,7,1,1,0
1529266,2026-04-15,2026,"M Chinnaswamy Stadium, Bengaluru",Bengaluru,Royal Challengers Bengaluru,field,Royal Challengers Bengaluru,JR Hazlewood,Lucknow Super Giants,Royal Challengers Bengaluru,146,10,149,5,0,0,1
1529267,2026-04-16,2026,Wankhede Stadium,Mumbai,Punjab Kings,field,Punjab Kings,Arshdeep Singh,Mumbai Indians,Punjab Kings,195,6,198,3,0,0,1
